english_word,word_type,wolof_meaning
a bench,n,baŋ
a muslim,n,julit
bull,n,ëkka
more than,va,gena
quantity,adj,buy
seize one's right,v,noot
1/2 kilo,n,liibar
10:00am mid-day,n,yoor-yoor
(100b),n,dalasi/dérém
12:00 pm,n,becak
2:00pm,n,tisbaar
2nd singular (you're),vp,danga
4:30-5:00pm,n,takkusaan
500 grams,n,liibar
A baby,n,neene
a bench,n,tooj
a blow,v,fita
a bottle,n,buteél
a bundle,n,say
a career,n,mbootu
a cat,n,muus
a child,n,xale
a comb,n,peñe
a dance,n,fécca
a dancer,n,féccakat
a dead,n,jëf
a dislitted palm wine,n,kaana
a ditch,n,kamba
a drink(soft/hard),n,naan
a faint,v,ximaleku
a favour,n,njukka
a fluke,va,juux
a gift,n,yóobal
a great deal,n,jaloore
a hole(in a ship),n,kal
a hypocrite,va,waane
a joke,n,"caaxaan, kaf"
a joker,n,"caaxaankat, kafkat"
a knot,n,pas
a lady's name,n,yaay
a lie,n,"day, gat"
a line,n,rëdda
a little,inten,kallentaan
a locally woven cloth,n,sër
a loft,n,sax
a lump,n,donja
a mads belt,n,geño
a man,n,goór
a mystery,v,umpa
a naughty child,adj,mbal
a pile,v,jal
a pile,n,say
a port,n,teeru
a pouch,n,gafaka
a present,n,njukka
a purse,n,kalpe
a reward,n,neexal
a sachet,n,gafaka
a scrubber,n,njampe
a sieve,n,"seegukaay, tame"
a slice,v,dog
a small jar,n,këlla
a splinter,n,feelit
a stone wall,n,tabax
a strip,n,rëdda
a stub,n,meego
a stumbling block,n,tëxa-tëxa
a tapper,n,jamkat
a tear,n,xar-xar
a thief,n,jëlkat
a thousand,n,juné
a timid(slang),n,ganaar
a tiny bit,inten,kallentaan
a tree,n,"kadda, kel"
a vice grip,v,keppa
a wooden writing tablet,n,aaluwa
a worm,n,sax
a wound,n,"gaañu gaañu, jam-jam"
abandon,v,"baayi, wocca"
abandon,va,uus
abandone,v,fay
ability,n,"mun-mun, noo"
ablaze,v,taaka
able,v,noo
"able to lift, bear",va,antan/antal
abnormal,va,doyadi
above,v,tiim
abscess,n,taab
abundant,va,"las, naax, oom"
accept,v,"nongu/nangu, taa"
accomodate,v,yaatal
accompany,v,gungeé
accomplish a task,va,jeéku
accuse,v,"laa, tam, tiiñal"
accuse someone of somethg,v,jiiň
accuse (wrongly),v,tuumal
accustomed to,va,miin
achievement,n,"jaloore, ngoóra"
acquaintance,n,am-di-jamma
acre,n,waar
add,v,"boole, yóoka"
add wood to a fire,v,xamba
add value,av,faydaal
add water,av,ñulug
addicted to,va,taama
adjust,v,ogosu
adlescence,n,ndaw
admirer,n,soope
adore,v,"dagaan, jaamu"
advice,v,eeda
advicer,n,eedakat
advise,v,dénku
affair,n,"afeer, mbir"
affraid,va,ragal
afraid,va,"tiit, xuta"
afraid of,va,yek
after sunset,n,marax
afternoon,n,bëcëg/bëcëk
age group,n,morom
age groups,n,maase
agree,v,nangu
agree,adj,meéngoo
agreement,v,nangu
agreement,n,mankoo
aid,v,wolu
aid,n,ndimbal
aim,n,diir
aim,va,tiire
aim at,va,éemu
aim for,v,nata
airy,va,"feex, piix/fiix"
alarmed,va,tiit
alerm used to indicate e (ex),ex,eboo
alight,v,taaka
alike,adj,meéngoo
a lion,n,gaynde
all,adj,yëp
all of a sudden,expressi,bureét
alliance,n,kollërë
allow,v,may
almost,va,"xala, xaw"
alms,n,sarax
alone,v,fere
alone,adv,kot
already,adj,jéeg
also,conj,te
also,adv,"itam/tamit, tam"
amazed,va,waaru
ambush,v,waaf
amen,ex,amiin
among,n,gaanaay
amount,n,nangam
amulet,n,"gaalaaj, pas, teere, xonjom"
an act,n,jëf
an expression of surprise,ex,ii
an idea,n,pexe
an injury caused by,n,jam-jam
an uncircumsized person,n,aat
an understanding,va,gis-gis
and,conj,"nag, te"
and/with,conj,ag/ak
animal,n,rab
ankle,n,doojoor
announce,v,"yeebaane, yëgle"
another,adj,"beneen, doo"
answer,v,"tóntu, uyu, wuyu"
answer with,v,wuyoo
anus,n,"gat, muuti"
anxiety,va,aajo
any,adv,ben
any place,n,féepa
anyone,n,keppa
anything,n,leppa
anywhere,n,féepa
apex,n,cat
apologise,v,tuub
appear,v,feeň
apple,n,pom
apply oil on one's body,v,toocarmeku
apprentice,n,apparanti
approximate,v,xayma
Arab,n,Araab
Arabic decent,n,naar
arabic scholar,n,"Almuudu, taalube"
are,av,"be, mu"
argue,v,"niiroo-naaroo, werante"
arise,v,jóg
arm pit,n,poxotaan
arrive,v,"agsi/egsi, egsi/agsi, eega"
arrive at,v,"aaga/eega, ééga"
arrive sudddenly,adj,jaas
arse,n,sar
article lying about on,n,tereene/terende
artilery,n,gaanaay
as,adv,ko
as long as,conj,komka
as soon as,adj,daldi
as well as,conj,wala
ashamed,va,rus
ashes,n,dóom
ask for,v,ñaan
ask for (someone),v,ñaanal
ass,n,gat
assembly,n,jataay/jotaay
assignment,n,sas
assist,v,dimbale
assistance,n,ndimbal
assume responsibilit,v,gaddu
at,prep,ci
at,postp,la
at the opex.,n,juba
at the tip,n,juba
at tobaski,va,jeeg
ataya,n,lëwal
attack,v,riir
attack verbally,n,aaka
audacious,va,sañ
audience,n,"mbooloo, ndaje"
aunt,n,tanta
aunty (uncle's wife),n,yumpaaň
authority,n,ndiggal
avenge,v,feyu
avoid,va,moytu
avoid,v,otu
axe,n,séemeň
baabab tree,n,guy/buy
baboon,n,gon
baby,n,liir
baby-sitter,n,baambaanekat
back,n,digi-ganaaw
back yard,n,wanag
back-yard,n,ganaawkër
bad odour,v,xesew
badness,adj,mbon
bag,n,saaku
baggage,n,bagaas
baggy,va,yumbux/yumbur
bail out water,v,walax
bait,n,meeb
bakary,n,fuur
bald head,va,leel
bald headed,va,leel
balls(slang),n,kooy
bamboo bed,n,gonga
banana,n,banaana
bandage,n,bandaas
bandage,v,baandaas
bandit group,n,ganlgen
bandits,n,ganlgen
bangle,n,lam
bantaba,n,"garan-palaas, penca"
baobab fruit,n,buy
bar-b-qued meat/fish,n,yaasa
barely touch,v,cof
baren,adj,jaasiir
bargain,v,woxaale
bark,v,bów
barrel,n,bórig
barricade,v,baare
basket,n,pañe
bath,n,janaaba
bath room,n,wanag
bathe (oneself),v,sangu
bathe (someone),v,sanga
bath-pan,n,beñuwaar
bathroom,n,sanguwaay
be,va,feex
be able,adv,mun
be abnormal,va,eembadi
be active,va,sawar
be alive,n,dunda
be allergic,va,jomlu
be already mixed,va,jaxasu
be ashamed of,va,jomlu
be awful,n,doywaar
be bad,adj,bon
be banal,va,soof
be behave sulkily,n,diiju
be bend,va,lunka
be bent,va,moy
be better,va,gén
be better than,va,mun
be bewitched,va,jommi
be big,adj,"dija, duuf"
be bland,va,lewet
be born,v,judu
be born at,va,judoo
be bothering,va,gétené
be broad,va,fireeku
be calm,va,jaambuur
be capsized,va,kóppa
be careful,va,moytu
be chipped,v,ekateku
be close,va,"jege, jegeň"
be complete,va,kaamiir
be complished,va,sooti
be content,va,"bëg, kontaan"
be content,n,gore
be crooked,v,dénga
be crooked,va,lunka
be dedicated,va,farlu
be deficient,v,dese
be devoted,va,farlu
be dirty,adj,ëna
be disappointed,n,loru
be discreet,n,kersa
be disturbed,v,géten
be disturbing,va,gétené
be drained,va,fendi
be enormous,adj,duuf
be enough,adj,mut
be entangled,va,fasu
be equipped,va,gaacaayoo
be every dirty,adj,foo
be evil,va,kataa
be expensive,va,jafe
be familiar with,va,miis
be famous,n,jar
be fast(slang),va,saas
be fat,va,am-yaram
be fed up with,va,sib
be fermented,adj,ëna
be finished,va,paree
be first,va,jëkka
be fixed,va,fees
be flayed,va,fulééku
be forbidden,v,araam
be found,v,feeñ
be freed,va,mucca
be frightful,va,ragal
be full (expression),ex,feec
be fussy,va,"faraw, sob"
be getter than,va,gén
be good,adj,baax
be gorgeous (slang),adj,fata
be grave,adj,ñanga
be haggered,va,raaga
be happy,va,kontaan
be hard,va,"dëgër/dëgar, jafe"
be honest,n,gore
be honourable,adj,foor
be hung,va,aju
be effeminate,n,goór-jigeén
be impatient,va,faraw
be important,adj,foor
be impudent,va,reew
be in a better position,va,jeéku
be in a corner,va,kaju
be in a doubt,va,jaaxle
be in a mess,va,jagadi
be in a tie,va,maas-gu-dan
be in coma,n,meéda
be in excess,va,óppa
be in flames,va,jaf
be in harmonious relationship,va,juboo
be in scarcity,va,jafe
be in straight forward,va,jubadi
be in trouble,va,lebu-lantan
be in uniform,v,niroole/nuroole
be inextricable,va,jaxasoo
be influential,adj,foor
be infrequent,va,gëj
be innocent,adj,ey
be in-order,va,jag
be inquisitive,va,déňkumpa
be insane,va,eembadi
be insipid,va,soof
be interested in,va,ebu
be jealous,va,"añaan, kañaan"
be kidding,n,caaxaan
be lanky,va,kayan
be large,adj,dija
be last,n,muje
be lazy,v,ŋaaň
be levelled,va,maasaloo
be little,v,kayitloo/këyitloo
be located,v,féétéé
be logical,va,jaadu
be lonely for someone,va,gelu
be long,adj,gudda
be loose,va,kal-kali
be loquacious,va,kacco-kacсо
be lost,va,gëlëm
be lucky,va,jig
be mean,adj,bon
be mischievous,va,sob
be mistaken,va,juumé
be near,va,jegeň
be necessary,n,dagan
be nice,va,neex
be normal,va,eemba
be nosy,va,déňkumpa
be of great surprise,n,doywaar
be on the rocks,va,Fande
be open,v,laaņa
be opened,v,ŋaapeeku
be opposite,prep,jaakaarloo
be optimistic,v,gaanga
be outspoken,va,sañ
be patient,va,muň
be petty(slang),va,sew
be pleasant,va,neex
be plentiful,va,jax
be plenty,va,"las, naax"
be pregnant,va,ómba
be pregnant(slang),adj,ñeebe
be prosperous,va,naat
be quick,adj,gaaw
be quiet,v,dee
be quiet,adj,mukus
be quiet,va,jaambuur
be ready,va,jeex
be reluctant,va,neeg
be reserved,va,jaambuur
be restless,v,"emadi, ñuum-ñuutu"
be rigid,va,kadda
be sane,va,eemba
be save,va,mucca
be scarce,va,jafeň
be selfish,va,añaan
be serious,va,garaaw
be serious,adj,ñanga
be short,adj,gaata
be shut,v,sës
be small,adj,ndaw
be smart,va,am-xel
be smoothed,va,giif
be soft,adj,nooy
be spilled beyond repair,va,kasaara
be sticky,va,ñapaaku
be stiff,va,kadda
be still,v,jeeki
be still a white clay,va,kew
be stingy,v,ŋaaň
be stocked,va,kalle
be straight,va,"jub, leer"
be stranded,va,Fande
be strong,va,dëgër/dëgar
be stubborn,n,génékat
be sufficient,adj,mut
be suitable,va,jag
be tall,adj,njool
be tangled,va,jaxasoo
be terrible,n,doywaar
be the last,n,mujeél
be thick,v,far
be thirsty,va,mar
be tight fisted,va,noota
be tired of something/one,va,iin
be too much,va,óppa
be trained,va,mandu
be troublesome,va,kataa
be turned over,va,kóppa
be unable to make a sacre,va,jeeg
be under a spell,va,jommi
be undressed,v,futeéku
be unfrequent,va,juux
be united,v,jaappoo
be unruly,va,luubu/luugu
be unstuffed,va,ñuxeeku
be up against,v,sës
be used to,va,miin
be very,inten,guy
be very drunk(expression)s,inten,dur
be very full,inten,këll
be weightless,va,oyof
be well-done,va,jag
be well-off,va,jeéku
be womanish,n,goór-jigeén
be worthy,n,jar
be wrecked,v,kalaate
be wrinkle,va,lax
beach,n,tefes
bead belt,n,fer
beads,n,kurus
beads worn around the wat,n,jal jali
bean,n,sëb
bean cake,n,akara
beans,n,ñeebe
beard,n,"faas, sikim"
bear(with pain),va,mattu
beat,v,"buja, dóor, duma/dJor, kaccari, nooxa, ñef, ñuus, sar"
beat with tiny stick,v,caw
beat(slang),v,laamba
beautiful,va,"rafet, taaru"
beauty,va,taar
because,conj,"komka, ndig, ndigte, ngir"
because of,conj,"ndig, ndigte, ngir"
bed,n,lal
bed bugs,n,matta
bed room,n,kabinet
bed sheet,n,darab
beer,n,beer
beetle,n,"gunuur/gunduur, wanxa"
beg,v,ñaan
begger,n,woyaankat
begin,v,"door, kumaase, taambali"
begin a muslim prayer,v,kabbar
beg(money by eulogizing),v,woyaan
behave,v,maa
behavior,n,melokaan
behavior,va,melo
behind,prep,ganaaw
being shave,va,nelu
belch,v,giix
belief,n,yaakaar
belief,v,góm
believe,v,laa
believe,va,"defe, yaakaar"
believe in,va,gëm/góm
belly,n,koola
belly button,n,jumbax
belonging,pa,bos
bend,v,"banka, biij"
bend down,v,segga
bend down with butt up,v,juutu
beneath,prep,suuf
beside,postp,daala
beside,n,daala
betray,adj,janfaa
betray,v,janfaa
betray,va,"jaambu, or, wor"
betrayal,n,janfaa
betrayer,n,orkat
better,va,"gén, tane"
better than,v,daaxa
better than,va,"daaxa, gén"
between mid-day and 2.00m,n,njoloor
between two parties,v,dëdale
beyond prescribed limits,va,yaatu
bicycle,n,welo
bid farewell,v,njoos
big,va,réy
big dipper,n,kuddu luus
big elephant ears,n,mbiif
bile,n,wextan
bird,n,picca
biscuit,n,mbiskit
bite,v,"matta, xapati"
bitter,va,wex
bitter tomatoes,n,"jaxatu, xuluñel"
black,n,ñuul
black bird,n,ndóbin
black pepper,n,poobar
black scorpion,n,jankalaar
black smith,n,tëga
blacken,v,findi
bleach,n,"ordasawel, weexal"
bleach one's skin,v,xeestal
bleed,v,nacca
blind,va,gumbo
blind person,va,gumbo
blink wink,v,xef
blister,n,futta
block,v,"baare, gatandu, kal"
blocked,va,kalle
blood,n,deret
blouse,n,mariñeer
blow one's nose,v,ñandu
blue,va,bulóo
bluff,v,xajaan
boast,v,xajaan
boat,n,"gaal, saxaar"
body,n,yaram
body part,n,cër
boil,v,"bax, baxal"
boil,n,taab
boiled peanuts,n,gete-baxal
bone,n,yax
book,n,teere
book case(enclosed),n,kaggu
book oneself,v,bindu
boot,n,maal
borrow,v,"aaba, leb"
borrow out,v,abale/able
borrower,n,aabakat
bosom,n,ween
boss,n,patron
bother,v,xatal
bother,n,mbuggal
bother,va,lakkal
bottom,prep,suuf
botton,n,buton
bought,v,santa
bow down,v,segga
bowl,n,"bool, ndab"
box,n,"boyet, kees"
boy friend (lover),n,coro
boyfriend,v,far
brace a problem,v,jëngu
bracelet,n,"gurmet, jara, lam"
braid,v,"létta, maab"
brain,n,yuur
branch,n,banxaas
branch off,v,fata
brave,va,ñemeň
brave man,n,"gaynde, jambaar"
bravery,n,jambaaryaa
bread,n,mbuur
break,v,"tey, toj"
breakfast,n,ndekki/ndeewo
breakup,v,tas
breast,n,ween
breathe,v,nooki
breed,v,"yafal, yar"
breezy,n,ngelaw/ngelew
"brew ""ataya""",v,xiim
bribe,v,"daas, dukku, neexal"
bride,n,séet
bridegroom,n,séet
bridesmaid,n,palaale
brief lapse of time,n,saas
bring down,v,daanel
broke,va,banka
broken,v,toj
broken,va,yaaxu
bronze,n,"porom, xanjar"
broody,va,geenji
broom,n,bale
brother,n,caameň
bruised,va,rooceeku
bubble,v,bax
build,v,"sampa, sañca, tabax"
building,n,neeg
bunch,n,"cabba, saam"
bunch,v,jal
burial,n,suul
burial ground,n,baameel
burn,n,lakka-lakka
burn,v,lakka
burp,v,giix
burst,v,faaca
bury,v,"roob, suul"
bush,n,aala
bush pig,n,mbaam-aala
business,n,"afeer, duggoo, mbir, soloh"
business like,va,tëstës
bussiness,va,soxla
busy,va,xat
but,conj,"wante/waay, bari"
butt,n,meego
butt,v,mboka
buttocks,n,"kofal, kus, taat, won/wan"
by,postp,la
by oneself,v,fere
cabbage,n,"su, supo me"
cable,n,fiil
cage,n,kaaf
cake,n,laamarsees
calabash,n,"koog, lekket"
calamity,n,estuwaar
calculate,v,kalkil
call,n,oote
call,v,oo
call someone's attention,v,ee
calm,n,jat
calm,va,"giif, kew, miskar"
camel,n,gëlëm
can,v,noo
can,n,pot
cancel,v,"baay, fooma"
candle,n,sondeel
candy,n,tangal
cannon,n,kënu
cannon,v,kënu
canoe,n,looco
canteen,n,mbaar
cap,n,mbaxana
caprbility,n,mun-mun
car,n,oto/woto
car park,n,gaaraas
careful,va,em
carpenter,n,minisé
carpet,n,tape
carrot,n,karot
carry,n,uuf
carry,v,fob/fab
carry away,v,yoóbu
carry on one's shoulder,v,gaddu
carry on the head,v,enu
carry someone on the back,v,boot
cart,n,"sareet, saret"
carve,v,eeta
carve,n,eeta
carver,n,lawbe
cashew,n,kasu
cassava,n,ñambi
cassava dough,n,fufu
castle,v,korte
castrate,v,taapa
catch,v,"jaappa, napa"
catfish,n,kon
Catholic,n,katolik
cattle,n,jur
cause,n,tax
cause to bend,v,juutal
cave,v,maaba
celebrate,v,baaxental
celebrate,n,maagal
celebration,n,"feet, xew"
cemetary,n,"baameel, janaase, waraaj"
censer,n,anda
centre of the house,n,diggi-néeg
cereal,n,findi
ceremony,n,xew
certainly,ex,"ko, saalaaw"
chaff,n,cox
chain,n,toogu
Chainese green tea,n,warga
chair,n,siis
chance,n,alaafiya
change,v,wecci
change,n,weccit
change direction,v,baakanti
character,n,jikko
charcoal,n,keriñ
charred,va,xóm
chase,v,riiteé
chat,n,waxtaan
chat,v,waxtaan
chatting place,n,garan-palaas
cheap,va,yomba
cheat,v,muuse
check,n,lex
chellenge,n,sas
chest,n,"dënna, kees"
chew,v,"saxaarmi, yëy"
chewing,v,warax
chewing stick,n,soocu
chick,n,cuuc
chicken,n,ganaar
chief,n,"njiit, seef"
child,n,"doom, guné/goné, xalel"
child's word for father,n,paa
chin,n,sikim
China green tea,n,ataaya
chip,v,"ekati, féela"
chip,n,feelit
choke,v,föt
choose,v,taanal
choose a leader,v,jiital
chop,v,ferej
Christain,n,katolik
christening,n,ngénté
christian,n,gurmet
church,n,jangu
cinema,n,sinemaa
circle,n,geéw
circumcise,v,jonga
circumcision,n,lël
citizens,n,waa
claim one's due,v,feyu
clap,v,taacu
clarify,va,leeral
class,n,kalaas
clayish,adj,potopoto
clean,va,laabu
clean,v,laab
clean,adj,set
clean(fish),v,waas
cleaniness,n,cet
clear,v,"laali, ruuj"
client,n,kiliyaan
climax,v,guu
climb,v,éeg
climb down,v,jii
climb over,v,ñaay
clitoris,n,"cóola, coota"
cloak,n,tegu
close,v,"tëj, ub"
close one's eyes,v,góma
closed,va,ubbu
closed to someone,va,jaxasoo
cloth,n,"piis, sër"
clothe,v,ooda
clothes,n,yéré
clothes pin,n,keppu
clots,n,gallox
cloudly,va,xiin
club,n,"kompin, mbootaay"
coal pot,n,furno
coastal village,n,teeru
coat,n,palto
cobbler,n,uude
cock,n,séexa
cockroach,n,mbóot
coffee,n,kafe
coincidence,n,toombee
coins,n,xanjar
cold,n,xurfaan
cold,v,liw
cold,va,sedda
collapse,v,maaba
collect,v,for
collect rain water,v,taataan
collegue,n,njaati gi
collide,v,kënu
colour,n,kuloor
come,v,dikka
come and take,v,jëlsi
come back,v,delusi
come down,v,waaca
come from,v,"baayeekoo, faxeeku, jóggee"
come out suddenly,v,pól
comfortable,va,teeda
commace,v,kumaase
command,n,ndigtal
command,v,ilif
commanding appearance,n,jëmma/jomma
commence,v,"door, taambali"
commit adultery,v,saacoo
commit suicide,v,xaru
companion,n,andandoo
company,n,kompin
compare,v,toolaale
complain,v,"jaambaat, tawat"
complainer,n,jaambaatkat
complete,v,"éegali, fëgël, mutali"
completed,va,"sooti, sutal, suti"
completely,adv,fer
compound,n,kër
conceal a person's secret,v,sutura
concealed,adj,sutura
conch,n,yéet
confront,v,"aaka, laanga"
confrontation,n,aaka
confront(slang),v,dal
confuse,v,jaawaatle
congratulate,v,njukkal
congregation,n,mbooloo
conjuntivities,n,waanent
conspicous,va,xumba
conspiracy,n,janfaa
conspire,v,janfaa
constable,n,konsumél
constipated,va,seere
construct,v,tabax
consult,v,seetlu
consult a marabout,v,seruntu
consult together,v,gisee
contagious,va,waale
container,n,"mbuus, ndab, saaku"
contaminate,va,waala
content,va,tuux
contest,v,loo
continue,v,kontine
continuous,adv,takkar naase
contribute to,v,feelu
conversation,n,waxtaan
converse,v,waxtaan
convert,v,"tuub, tuubal"
convey,v,gungeé
cook,v,"rëndee, tooga"
cook,n,toogakat
cooked,va,ñor
cooking oil,n,diwliin
cooking pot,n,cin
cool off (something espe,v,jeéri
cool off(sth especially d,v,jeéri
cooperative,n,koparatiif
copulate,v,maa
copy,v,roy
cork,n,"kubeer, saañ"
corn,n,mbooxa
corner,n,koň
corpse,n,niiw
corrupt,v,ger/dukku
cost,n,jar
cotholic,n,gurmet
cotton,n,witéen
cough,v,sëxat
count,v,"konte, lim, woññi"
counter,n,kontuwaar
counterpart,n,njaati gi
country,n,reéw
courage,n,fit
courageous man,n,jambaaryaa
court,v,doxaan
courthouse,n,ateekaay
courtyard,n,diggi-kër
cover,n,kubeer
cover,v,"biti, dóppa/deppa, iir, muur, saanga, ub"
cover (the face),v,naaw
covered,adj,sutura
cover(oneself),v,saangu
cow,n,"kuy, nag"
co-wife,n,wujja
crack,v,feeta
crawl,v,raam
crawl under,v,bóta
crazy,va,"kanasu, wéy"
cream,n,"feene, soow"
create,v,jur
create confusion & enemit,v,dëdale
Creole,n,Aku
crevice,n,seela
cricket,n,soocet
crime,n,"estuwaar, tafaar"
crocodile,n,jasit/jësit
crooked legs,n,"las, rënka"
cross,v,galan
"cross a river, etc.",v,tey
crossed eyed,n,jéela
crossing point,n,jaaleekaay
cross-road,n,cële/cëla
crow,n,baaхой
crowd,v,sëm
crowd,n,"mbooloo, ndaje"
crowd(someone/thing),va,seéxa
crucibe,n,njaxa
cry (loudly),v,yuuxu
cube,n,donja
cucumber,n,kokumber
cultivation,n,mbay/mbey
cup,n,pot
cup one's chin,v,dégmu
cupboard,n,almoor
cure,v,faj
cure oneself,v,faju
curiosity,va,kumpa
curious,adj,kumpa
current,n,"kuran, résëň"
curse,v,danka
cursed,va,torox
curtains,n,rido
curtircura,n,illa
curve,v,"jadda, laaxa"
custom,n,cosaan
cut,n,góom
cut,v,"dog, gaja, nama, xosi"
cut down,v,"gor, kaja"
cutlass,n,jaasi
cutlet of fish,n,tëla
daddy,n,papa
Dakar(Senegal),n,ndakaaru
dance,n,ndëppa
dance,v,"fécca, pooj"
dangle,va,yoor
dangle,v,langa
dare,va,sañ
dark,n,lëndëm
darkness,n,lëndëm
dart,v,naangateku
date,v,doxaan
date fruit,n,taandarma
date tree,n,taandarma
dates,n,taandarma
dawn,n,"fajar, njël"
day,n,"bés, fan"
day before yesterday,n,barkaati demba
day break,n,"bötset/börset, bótset/bórset"
dead,va,gaañu
deaf,va,tëx
death,n,saay
death announcement,n,taagee
decency,n,sutura
decend,v,jii
decide,v,dogal
decieve,v,"kolooj, muuse"
decline,v,jii
decob,v,mbool
dedicate something to soe,v,jagle
deer,n,kewel
defeat,v,daan
defeat,va,mun
defecate,v,"duul, puup"
defecate,n,day
defecation,n,puup
defend,v,kal
deliver,v,"jur, wosin"
deliver a message,v,"aagee/eegee, éegee"
delude,v,kolooj
demonstrate,v,gerew
demote,v,fooli
denounce,v,feeñal
deny,v,"weedi, xañ"
depart,v,taa
department,n,bunta
dependant,n,surga
deposit,v,dawal
depreciate,va,raaga
deprive,v,aayee
descend,v,waaca
desert,v,gaadaay
desert,va,jaambu
desire,n,sago
destroy,v,"kasaara, yaaxa"
destroyed,va,yaaxu
destroyed,v,tas
dethrone,v,simi/sumi
devil,n,"ibliis, seytaane"
devoted,va,éemu
dew,n,laayi
diapers,n,ngemba
die,v,"dee, faatu, saa"
difference,n,wutee
difference,va,utee
different,adj,fata
different,va,"utee, wutee"
difficult,va,"jafe, naxari"
difficulty,n,"coono, gaalankoo, jafe jafe, tëxa-tëxa"
digest,v,rees
digger,n,gaskat
digging tool,n,gasu/gasukaay
dignitary,n,kilifa
dignity,n,daraja
dignity,adj,fulla
diligence,n,soobee
dilute,v,njar
diluted,va,xormbet
dinner,n,reer
direction,n,ndigtal
dirt,n,salte
dirty,va,"fónax, salte, tilim"
dirty,adj,noo
disable,n,laago
disagree,v,weedi
disappear,va,"maay, sanku"
disappear,v,meles
disappoint,v,lor
disappointment,va,wor
disbelief,va,gomadi
disciple,n,taalube
discourage,v,yooxi
discrect,n,sutura
discriminate,v,génaatle
discuss,n,diisó
disease,n,jangoro
disease,va,feebar
disgrace,va,gaace
disgreed to counter,v,kontaar
dish,n,mbuum
dislike,va,sib
dislocation,adj,foxoj
display,v,laa
dissappoint,adj,janfaa
dissolve,v,yooy
distinguish,v,raañe
disturb,v,xatal
disturb,va,lakkal
divide,v,"xaaj, xaaji"
divide,n,sédaale
divided,v,talaata
divided,va,xajaaloo
divorce,va,fase
dizziness,va,meer
dizziness,n,miir
dizzy,va,miir
do,v,"def, waa"
do an act descretely,v,saacoo
do deliberately,v,tey
do intentionally,v,tey
do it,ex,aca
do laundary,v,fóót
dock,n,waaf
doctor,n,doktor
dog,n,xaj
donkey,n,"mbaam, mbaam-sëf"
door,n,bunta
dosappointment,va,or
doubt,v,jaaxal
dough nuts,n,beñe
down pour of water,n,walangaan
doze,v,jinkoo
doze,adj,gam-gami
dozing,vn,jinkoo
drag,v,watat
drain,n,pax
drake,n,maal
draw,va,maas-gu-dan
draw,v,"bii, tanxa"
draw/fetch water,v,duy
draw(water),v,root
dream,v,genta
drenched,v,tawat
dress,v,"baandaas, sol"
dress,n,"mbubba, rooba"
dress well,v,paree
dressed,va,solu
dressing well,n,paree
dried,va,ñeer/neer
dried fish,n,geeja
drink,v,naan
drink from the a bottle,v,jolu
drip,v,"siit, tooxa"
drive away,va,daaxa
drive away,v,daaxa
driver,n,"daraayba, dawalkat"
drizzle,n,wis-wisal
drop,v,wodda/rot
drought,n,"beekoor, maral"
drouse,adj,gam-gami
drown,v,"lab/lap, raw"
drum,v,sabar
drum,n,"mantaas, ndënda, sabar, tabala"
drum stick,n,pooj
drummer,n,tëgakat
drumming (activity),n,tama
drunk,va,"daaju, mandi"
drunkard,n,daajukat
dry,va,wow
dry season,n,noor
dry(food only),n,wesen
duck,n,kanaara
dull,va,soof
dumb,n,"lu, muumu"
duration of life,adj,"giiru-dunda, timis"
dusk,n,"marax, timis"
duty,n,sas
dwarf,n,"kuus, ndaama"
dwindle,v,rës
dye,v,suub
dye,n,cuub
eagle,n,"tan, jaxaay, licin"
ear,n,noppa
early,va,teel
ear-ring,n,jaaru-noppa
east,n,penku
easy,va,yomba
eat,v,"kojomtu, lumpa"
eat,n,lekka
eat (powder),v,muut
eat (slowly),v,ñimantalu
Ebou,n,Ibu
echo,v,jib
economy,n,kom-kom
edge,n,cat
educate,v,jangale
education,n,njanga
effort,n,ngoóra
effort,v,kata
egg,n,nen
egg plant,n,batanse
ejaculate,v,jii
elaborate,v,ñaax
elbow,v,cóñcó
elbow(n),v,cóñcó
elder,adj,mag
elderly person,n,kilifa
elect,v,fal
elected,va,falu
elections,n,oote
electricity,n,"kuran, lampa"
elephant,n,ñay
ember,n,xal
embroidery,n,dawume
emerge from,v,baayeekoo
(emphasizes prededing),ex,wo
empty,v,yuli
empty,n,neen
empty container,n,xoota
empty ground,n,baya'l/baye
enact,v,tëral
enclosure,n,naag
encounter,v,daj
encourage,v,gal-gal
end,v,raj
end,n,"muj, muje"
endure,va,antan/antal
enemy,n,mbañ
England,n,Angalteer
English,n,Angale
enjoy,va,teeda
enlarge,v,yaatal
enough,va,doy
entangle,va,lëj
entangled,va,lëju
enter,v,dugga
entertain,v,teral
entertain a guest,v,ganale
envious,va,añaan
equal,va,tooloo
equal,n,maase
equally,adv,equally and also (adv) it.
erect,v,sampa.
erection,n,kuddal.
escape,v,rëcca.
essence,n,safal.
esteen,va,naw.
estimate,v,xayma.
ethnic group,n,xeet.
eulogize,v,taga.
even,adv,sax.
evening,n,ngoón.
ever,adv,mus.
every thing/place etc.,adj,yёр.
everybody,adj,ku-nekka.
everyday,adj,bés bu nekka.
everyone,adj,ku-nekka.
everything,n,"leppa, lu-nekka."
everytime,adv,saayu-nekka.
everywhere,n,"féepa, fu nekka."
evostic,n,kol.
exactly,adv,tek.
examine,v,seetlu.
exchange,v,wéecée.
excuse,v,baalal.
exhaust,va,jeex.
exhibit,v,won.
exist,n,dunda.
exorcisin,n,ndëppa.
expect,postp,fo.
expect guest,va,seéntu.
expend,v,fere.
expose,v,feeñal.
express condolence,v,jaale.
"express gratitude commen,",adj,gërmande.
expressing contempt,ex,sooy.
expressing sorrow,ex,mas.
expression of certainty,ex,daal.
expression of disgust,ex,cim/cem/cam.
exrete,v,gatal.
extinguish,v,"kamaj, óf."
extract,v,"rooci, rucci."
eye,n,böt.
eye brow,n,éen.
eye brown,n,éen.
eye glasses,n,lunet.
eying,v,piitu.
fabric,n,"ndimó (fiis), piis."
fabricate,v,teg.
face,v,féétéé.
face,va,jublu.
face,prep,kanam.
facilitate,v,jangale.
factory,n,isin.
fade,v,"furi, yaabi."
fade,va,paal.
faeces,n,"day, duul."
fail,v,foo.
fail to fire(gun),adj,foo.
faint,v,xóm.
fair in complexion,va,xeereer.
fair in complixion,va,xees.
faith,n,cofel.
faith,va,ngóm.
fall,v,dal.
fall down,v,daanu.
fall (expression),inten,burum.
fall hard,v,féetéeku.
fall on one's face,v,muxa.
fall on someone,v,ñapaaxu.
fame,n,daraja.
familiar wit,va,miin.
family,n,njaboot.
famous,adj,daraja.
fan,v,"óf, oppa."
fancy,va,xemem.
far,va,sore/sori.
fare,n,paas.
farm,v,bëy.
farmer,n,bëykat.
farming tool,n,ileer.
fart,v,"doxot, fusal."
fashion,n,colin.
fashion,adv,fason.
fast,v,koor.
fast month,n,korite.
fat,n,"diwiñor, gerees."
fat,va,dungus/duf.
father,n,"baay, laabe, paa, papa."
fattern,v,yafal.
fault,n,njuumte.
feaces,n,puup.
feast,n,feet.
feather,n,dunxa.
feed,v,leeyal.
feed by force,v,xol.
feel,v,laamba.
feel cold,v,liw.
feel comfortable,v,yaatal.
feeling,v,guu.
female pilgrim,n,ajaratu.
fence,n,"saaket, tapaat."
ferry,n,tey.
fetch,v,root.
fetch firewood,v,taxañ.
fetch(water),v,root.
few minutes ago,adj,sanxa.
field,n,tool.
fight,v,"jaappoo, xeex, xulóo."
file a complaint,v,kalaame.
fill(in a hole),v,taabi.
fill-up,v,feecali.
film,n,fiim.
filter,v,seega.
filter,n,"seegukaay, xer."
find,v,ut.
find out,v,kisi-kisi.
finger,n,"baaraam, we/wey."
finger-ring,n,jaaru-baaram.
finish,va,jeex.
finish,v,"fëgël, mutali."
finished,va,"raaf, sutal."
finished,adv,banta.
fire,n,safara.
fire wood,n,mata.
firewood,n,"loo, poñit."
first,n,njëkka.
first born child,n,taaw.
first (to do something),n,njëkkee.
fish,v,"gét/nappa, napa."
fish,n,"jën, këccax, ndawal, ngot, yaax."
fish ball,n,bulet.
fisherman,n,"cubalo, móol."
fishing line.,n,caas.
fishing line,n,xiir.
fist,n,këmëx.
fit,va,em.
fit,v,em.
fits,v,xej.
five,n,juroóm.
fix,v,poose.
flake,v,ruus.
flat,n,taapandaar.
flat,va,taaca.
flat fish,n,taapandaar.
flat wood,n,taaparka.
flatter,v,"laanga, neexal."
flavorless,va,saapi.
flavour,n,"cafko/cafka, safaay."
flavouring,n,safal.
flay,v,"fuli, leeli."
flea,n,"fel, meesees."
flee,v,bori.
flick,v,wicax.
flip-flaps,n,carax.
flower,v,firi.
flower(slang),n,geen.
flu,n,xurfaan.
fly,v,naaw.
foam,n,epons.
fold,v,lem.
folk,n,gaa.
follow,v,"leerandu, sibooru, toopa."
follower,n,taalube.
follow (someone),v,toope.
fondle,v,kooca/koocax.
food,n,"cin, ñam."
food made of millet (coos),n,cere.
fool,v,muuse.
fool,va,nax.
fool,n,muxat
foolish,va,toóy
foot,n,tanka
foot print,v,jeégi
foot (sole),n,tëstan
football,n,kupe
footpath,n,teretuwaar
for,prep,pur
for a long time,va,gëj
for anyone,va,yabaate
forbid,v,"aayee, tere"
forbidden,va,xaraam
forbidding,adj,gaaf
force,v,forse
forebode,v,gaanga
forehead,n,jë
foreigner,n,"laakakat, waaliyaan"
foreigner (European),n,tubaab
forest,n,aala
forever,adv,faw
forge,v,"fooj, teg"
forget,v,faate
forgive,v,baalal
forgiveness,v,tuubal
fork,n,furset
form of a stomach up set,adj,fiw
fortune teller,n,gisaan-kat
four,n,ñenent
fouth,n,ñenentéel
frame,v,ów
frame,n,kaadar
framing tools,n,bëyukaay
fraud,adj,forot
freeborn,n,"géer, gor"
freed from slavary,n,gore
freedom,n,alaafiya
Friday,n,Aajuma/gaaw
friend,n,xarit
friends,va,xaritoo
frightened,va,tiit
frock,n,"anaago, forog"
frog,n,mboota
from,postp,la
front,prep,kanam
front yard,n,eeta
frown (face),v,ras
fruit,n,koóni
fruitful,v,teeki
fry,v,"fiiriir, saaf"
fula,n,"firdu, pól"
full,va,"fees, reega, suur"
full (the brim),va,teb
funeral,n,déc/dëj
funny,n,reelu
future teller,n,gisaan-kat
gain,va,xaru
gall bladder,n,wextan
game,n,po
gap between the tooth,n,jaal
garage,v,gaare
garage,n,gaaraas
garantee,v,garanti
garanteed,v,garanti
garden,n,tool
garden egg,n,batanse
garlic,n,laaj
gather,v,"buub, ras"
gather one's harvest,v,gar
gather together,v,dajaloo
gathered,va,rasu
gathering,n,"jataay/jotaay, mbooloo, ndaje"
generation,n,"aaduna, jamaano"
generous,adj,laabiir
gentle,va,yaaraam
genuflect,v,sukka
germinate,va,falu
get away,op,sarul
get away (profane),v,bujul
get ready,v,paree
get to hell,gatul,gatul
get to hell(profane),op,sarul
get up,v,jóg
ghee,n,diwingalam
giant,n,deebal
gift,n,"maye/meye, ndëwénal"
gift of money,n,ndawtal
gills,n,caaxoň
ginger beer,n,jinjar
gingerale,n,jinjar
girl,n,janxa
give,v,xeetali
give a favour,v,njukkal
give a hand,v,feelu
give advice,v,diggal
give allowance,n,buum
give away as gift,n,maye/meye
give birth,v,"jur, wosin"
give charity,v,sarax
give out,v,nii
give thanks,v,santa
give up,v,jëngu
give whole heartedly,va,keéne/eéne
glad,va,bëg
glorify oneself,v,baaku
glue,n,kol
go,v,"dem, taa"
go and collect,v,jëli
go astray,va,sanku
go away,int,aca
go back,v,deelu
go beyond,v,weesu
go by,v,romba
go find,v,uti
go home,v,ñibbi
go in vain,va,kasaara
go look for,v,uti
go on,int,aca
go on pilgrimage,v,aji
go out,v,geéna
go search for,v,wuti
go straight,v,"jubal, taalal"
go suddenly,v,moy
go suddenly(expressi,v,meles
go (through),v,soo
go to,v,waali
go to bed,v,tëdda
go to school,v,jangi
go to work in the ofternn,v,gontu
go together,v,aanda
goat,n,béy
gobble,v,xaabu
God,n,yaala
go(imperative),ex,aca
goitre,n,boolox
gold,n,"oor, urus, wurus"
good,va,neex
good health,n,wargu-yaram
good mannered,va,yaru
goose,n,kanaara
gourd,n,"gamba, kandaama"
govern,v,saytu
government,n,"guwernemaa, nguur"
gown,n,xaftaan
grab quickly,expression,cas
grace,n,maagal
gradually,adj,ndanka
graft,n,jan
grafter,n,jankat
grain,n,peepа
grain a fabric,v,fici
grand child,n,sët
grand parent,n,maam
grape,n,résëň
grass,n,ñax
grate,n,os
grave,n,waraaj
graw,v,net
greatfulness,n,kollërë
greedy,va,"buggé, fóxale, tiit"
green,n,werta
greet,v,nuyu
greet (in the morning),v,saama
greeting,n,maaleekumsalaam
grilled peanuts,n,gerte-lakka/saaf
grimace,v,gaññ/ņiin
grimmace,v,"giiñ, luci, noobi"
grind,v,nij
griot,n,"géwël, ňeeño"
gripping stomach,v,dompat
grope,v,"daj, laambaatu"
groundnut,n,gerte
group of pepleor,n,ganlgen
grow,n,maaga
grumble,v,xultu
guard,n,gardekat
guard,v,"garde, saytu"
guava,n,guyaab
guest,n,gan
guide,n,njiit
Guinea-Bissau,n,Giné Bisaaw
Guinea-Conakary,n,Giné-Konaakiri
Guinea-fowl,n,naat
Guinea-pig,n,kaña
guitar(local),n,xalam
gullet,n,put
gulp,n,guux
gum,n,"ciin, daakaande"
gum boil,n,pat
gun,n,fetel
gutter,n,mbalka
habachi,n,furno
habit,n,jikko
habitual,adv,ka
hair,n,kawar/kawas
hair,va,sëxa
half,n,genawalla
hammer,n,marto
hammock,n,piliyaan
hand over,va,yoor
handicap,n,"lafañ, laago"
handkerchief,n,musuwaar
handle,v,meeb
handover a wife,v,Jeébale
hang,n,lonka
hang,v,"langa, weer"
hanging,va,yooru
hangover,n,laxal
happen,v,"jib, xew"
happiness,va,baaneex
happy,va,bëg
haranguing,n,xaste
hard,va,"naxari, xiis"
hardness,adj,dëgëraay
hare,n,lëg
harvest,v,goob
harvest,n,mbay/mbey
harvest (peanut),v,soo
hat,n,mbaxana
have,v,am
have a cold,n,soj/xurfaan
have a dislocation,v,foxoju
have a flu,n,soj/xurfaan
have a gap in memory,va,gag
have a large family,n,jaboot
have a sexual intercoure,v,kata
have a sprain,v,foxoju
have faith in,va,gëm/góm
have fever,v,sibiru
have just,va,soga/sooga
have just done,va,soga/sooga
have leprosy,adj,ngaana
have less than,v,dese
have little power,n,neéw
have malaria,v,sibiru
have measles,v,nas
have no respect/regard o,va,yabaate
have sex,v,laal
have something unexpectey,va,gomee
have status(slang),va,diis
have the same size,va,em
have the same size,v,em
have time,v,jot
have to,av,war
he,,mungi
he,cp,mu
he,n,la
he she,se,moo
he/she/it is not,fn,du
he/she/it will not,fn,du
head,n,"boopa, nampatal, njiit"
head,v,"en, ilif"
head dress,n,musóor
head for,va,jublu
head of family,n,kilifa
head of the village,n,Alkaali
head tie,n,"fulaar, musóor"
heal,v,faj
healer,n,fajkat
healthy body,n,wargu-yaram
heap,n,saam
heap,v,jal
hear,v,"déega, moy"
heard over,v,jotali
heart,n,xol
heat,n,"tangaay, tangoor"
heaven,n,aljana/arjana
heavy,va,diis
hectar,adj,ëkka
hedgehog,n,saaw
height,n,jëmma/jomma
height,v,loo
hell,n,safara
help,v,"dimbale, jaappale, wollu, xeetali"
help,n,"dimbal, ndimbal"
help in,v,feelu
help someone deliver,v,tiim
help(someone to climb,v,toň
hem,v,"oomba, urlé"
hen,n,pil
henna,n,fuddan
her,spn,moom
herbs,n,ñax
herd,n,geeta
herdsman,n,saamakat
here,dem,fii
here I am,ex,naam
hero,n,"gaynde, jambaar"
hey you!,ex,saa-waay
high blood pressure,n,tasiyon
high tide,n,waame
hill,n,tunda
him,spn,moom
him/her/it,op,ko
hinder,va,koñe
hinder,v,naj
hint,v,gaaral
hippopotamus,n,lebéer
hit,v,mboku
hit(on the back),v,rëkka
hoe,n,"ileer, noos-noos"
hoe,v,noos-noosi
hold,v,"jaappa, tiye, yore, yor"
hold hands,v,jaappoo
hold unto,v,jaappandeku
hold water in one's mouth,v,guuj
hole,n,"bón-bónna, pax, soo"
hole in the ground,n,kamba
hole in the groung,n,kamba a ditch
hollow,n,"kamba a ditch, kamba"
holy,va,"seela, teexet, yiiw"
holy mosque in mecca,n,kaaba
holy place,n,ñaanukaay
holy place in Mecca,n,kaaba
holy water,n,saafara
home,n,suwo
home or (for animals),v,daral
home wears,n,gërgéepa
honesty,n,ngor
honesty,adv,lew
honey,n,lem
honeymoon,n,céetal
hook,n,lonka
hook wink,v,joomal
hooker,n,cagga
hope,va,yaakaar
hope,n,yaakaar
horn(animals),n,béejin
hospital,n,lopitaan
hospitality,n,teranga
hot,va,taanga
hour,n,"waxtu, woxtu/waxtu"
house,n,neeg
house hold,n,njaboot
how,int,naka
how about,conj,nag
how many,int,jolu
how much,int,"jolu, ñaata"
hug,v,lënga
human being,n,"moo, nit"
humid,va,guus
hump,n,joogare
hunch back,n,xuuge
hunchback,n,xojogaane
hundred,n,téeméer
hunger,va,xiif
hungry,va,xiif
hungry(slang),va,xoos
hunt,v,rëbba/robba
hurry,v,gaawantu
hurt,v,"gaan, tëcca/ticca"
hurt,va,gaañu
hurt intensionally,v,gaañe
husband,n,jëkër/jëkar
hygiene,n,cet
hynea,n,bukki
hypertension,n,tasiyon
hypnotize,n,jat
hypnotizer,n,jatkat
hypocrite,n,jaxasekat
I,isp,man
I,se,maa
I am,oe,laa
I am,se,maan
I am,spn,mangi
I am,vp,dama
I am not,fn,duma
I hope,n,mbaa
I say,cp,ma(ne)
I will not,fn,duma
identify,v,taanal
idiot,n,saa
idol,n,"tuur, xërëm"
if,conj,fo
if he,n,su
if it,n,su
if its pleasess God,ex,inchaalaaxu
if she,n,su
if/when they,n,suñu
if/when we,n,suñu
if you,n,soo
iguana,n,bar
ill-fated,va,aay-gaaf
ill-fated,adj,gaaf
ill-fortune,n,cat
ill-lock,adj,gaaf
ill-lock,va,aay
illness,va,"feebar, oopa"
illness,n,jangoro
image,n,der
Imam,n,Elimaan
imitate,v,"roy, toopandoor"
immature,adj,nama
immediately,adj,daldi
immobile,v,laja
impede,va,koñe
impede,v,"laja, naj"
imperative,opt,leen
implements,n,bëyukaay
implicate,v,"moolu, ñaax"
importance,n,"jëriñ, njëriň, soloh"
important,va,jampa
important,n,maaga
impress someone,v,faaru
in,prep,si/ci
in a bad mood,va,say
in a hurry/haste,va,yaakamti
in abundance,va,jax
in agreement,va,deégoo
in debt(kind/cash),va,amel
in diapers,va,ngeenbu
in order to,conj,ndax
in there,prep,сі
in-between,prep,digganté
incense,n,"cuuraay, xeeñal"
inconflict with someoe,va,jotee
inconsiderate (slang),va,fas
increase,v,"yóoka, yóoku"
increase in,adj,buy
incubate,v,bóóf
Indian almond,n,gerte-tubaab
indications,n,melokaan
inevitable,adj,jaas
infant,n,liir
infantile (slang),va,doyadi
inferior quality,v,mbas
inflate,v,yóoku
inform,v,xamal
informed,va,yëg
infront,prep,kanam
inhabitant,n,waa
inherit,n,donna
inject,v,"penku, pikiir"
injury,n,gaañu gaañu
in-law,n,goro
inquisitive,n,faas
inquisitive,adj,kumpa
insect(very tiny insect),n,roj
insert,ex,daabuux
insert,v,"roof, sooti"
inside,prep,biir
inside,n,biir
inside,va,biir
inside out,va,bitarñeku
insinuate,v,gaaral
instigate,v,"gal-gal, ñulug, ruux"
insult,n,saaga
insult,v,"buja, tañca, waas"
intelligence,n,xam-xam
intelligent,va,am-xel
intend to,va,nar
intention,n,coobare
interest,va,ite
interesting,va,xumbal
inter-rival relationship,n,gaamo
inter-tribal relationship,n,kal
intimidate,v,gësëm
intracable,va,të
intuition,n,xam-xam
investigate,v,kisi-kisi
involved with someone,va,jaxasoo
iron,v,"fudda, paase"
iron,n,"feer, weň"
irritate,n,mbuggal
is,av,"be, mu"
is no choice,ex,eboo
Islam,n,"islaam, lislaan"
Isn't that it,inten,xanaa
isolated,va,beru
it,spn,moom
it,cp,mu
it,n,mungi
it,se,moo
it/she/you,n,la
its about time,va,"jege, jegen"
Ivory Coast,n,koddi waar
jamble,va,rux-ruxi
jar,n,njaxa
jaw,n,naamam
jealous,va,"fiir, siis"
jealous of,va,"añaanee, fiire"
jeopardize,v,lor
jeopardized,n,loru
jeopardy,n,lore
jerk,v,bippa
jester,n,"caaxaankat, fokat"
jewelry,n,oor
jinn,n,jine
jocket,n,palto
join,va,seéxa
joke,v,"fo, kaf"
joke with,v,foee/foyee
joker,n,fokat
jokes,n,maye/meye
Jola tribe,n,Joolaa
jolt,v,gësëm
joy,va,baaneex
judge,v,aatee
jug,n,gutta
July,n,suuyee
jumble,va,ruubaate
jumble up,v,jaxase
jump,v,tëb/tob
junction,n,cële/cëla
Juné,n,suwo
karaffe,n,gutta
keep,v,"deñca, log"
keep doing,v,waa
keep fast,v,oor
keeping quiet,vn,dee
kettle,n,satala
key,n,caabi
kick,n,lopet
kick,v,wexxa
kick with tie-heel,v,laja
kick(about one's feet,v,weexu
kid,v,"fo, kaf"
kidding,n,kaf
kill,v,"bóóm, rey"
kilogram,n,kiló
kind,adv,fason
kind of,va,xaw
kindle,v,taal
king,n,buur
kingdom,n,nguur
kiss,v,fóon
kitchen,n,waaň
knee,n,óom
kneel,v,sukka
knife,n,paaka
knock,v,fogga
knock down,v,daanel
knock on something,v,dal
know,v,xam
knowlegde,n,xam-xam
known for,va,xamee
knuckle,v,jooka
kohl,n,tusungal
kola nut,n,guru
labour,n,mat
lack,va,ñakka
lackadaisically,v,daagu
laddle,n,bakku
lady,n,"jeeg, soxna"
lake out,v,lokarbi
lamb,n,mbote
lamb master,n,miswi
lampa,n,lampa
lance,n,xeej
land,v,dal
land (ashore),v,teer
land owner,n,lamaan
language,v,laaka
lantern boat,n,fanaal
large,va,réy
large drum,n,jun-jun
larva,n,walaxnja-xaan
lash,v,kaccari
last,n,"muj, muji"
last bug,va,yaaga
last child of the parents,n,caat
last name,n,santa
last night,n,biig
last year,n,daaw
late,va,tarde
late at night,va,guddee
late for something,va,Fande
late in the afternoon,va,naaje
later,prep,kanam
laugh,v,"kex-kexi, ree"
laundry,n,póot
law,n,yoon
lay down,v,tëral
lay eggs,n,nen
lazy,n,neeg
lazy,va,tayal
leader,n,"boopa, kilifa, njiit"
leaf,n,xob
leak,v,seena
leap,v,"soox, tëb/tob"
learn,v,janga
leather worker,n,uude
leave,v,"baayi, wocca"
leave alone,v,fata
leave for good,va,uus
leave home in anger,v,fay
leave (tiredness),v,xiix
leave with,v,baayee
lecturer,n,jangalekate
leek,n,pooro
left hand,n,caamoñ
lend,v,"aaba, abal, leb"
lend a hand,v,jaappale
lend out,v,abale/able
lend out to someone,v,able
lender,n,aabakat
length of fabric,n,lees
lengthen,v,ñambaas
lessen,n,waañeeku
let,v,may
let her,opt,na
let him,opt,na
let it,opt,na
lether,v,takka
let's do it,ex,aca
letter,n,"araf, bataaxel, leetar"
lettuce,n,salaat
level,va,maasaloo
liar,n,"kaacikat, netalikat"
liar(n),vneg,fenkat
liberal,va,fiix
library,n,kaggu
lice,n,teen
lie,n,kaaci
lie down,v,laa
lie down,va,tëdda
lie flat on one's back,v,jaaxaan
lies,n,duul
life,n,baken
lift,v,"dukat, ëkati"
lift up,v,eñ
lift up and raised,v,ekateku
lift up(a garment),v,og
lift(one's hand to strike,v,xaaci
light,va,"leer, oyof, woyof/oyof"
light,v,"jafal, taal"
light a fire,v,jafal
lighten,v,oyofal
lightening,n,melaxal
like,adj,"kom, ni"
like,v,"bugga, nob"
like,adv,ko
like that,conj,noonu
likeness,va,melo
liking,n,mbuggél
lime,n,limon
limit,v,aapal
line,n,liiñ
linoleum,n,tape
liquid food),v,jeéri
list,v,lim
listen,v,déglu
litre,n,liitar
litter,n,mbalit
little,va,"sew, tuuti"
live,v,dëkka
live,n,"dekka, dunda"
lively,va,xumba
liver,n,rees
living room,n,saal
lizard,n,"sindax, yal"
load,v,"eb, en, sëf/sof, sóf"
lobster,n,suum
local African blouse,n,dagit
local fragrants made fror,n,gonga
local pants,n,caaya
located,va,nekka
lock,v,"caabi, soo"
locket,n,langal
locust bean,n,netetu
lodge,v,"dal, fat"
log,n,"banta, et"
loitering,v,wiiri-waara
lonely,va,wéet
long,adj,gudda
long handle,n,gopp/péel
look,v,"piitu, seet, xool"
look back into oneself,v,geestu
look behind,v,geestu
look down on,v,tiim
look for,v,"wut/ut, wuti"
look for,va,laxaarci/laxaañi
look forward to,va,seéntu
look like,v,mel
look like,va,niroo/nuroo
loose,va,"réeba, yanxa, yëmbëx, yolom, yumbux/yumbur"
loose esteem for,va,iiñ
loose interest,v,yooxi
loose value,v,furi
loose weight,va,"laapa, yooy"
lose,v,"foo, reéral"
lost,va,reér
loud talk,n,naw-nawi
love,n,"mbuggél, nobéel"
love,v,nob
loved one,n,soope
low tide,n,fer
luck,n,worsag
luggage,n,"bagaas, en"
luke warm (water),n,nuga
lull,v,baambaane
lump,n,ooga
lunch,n,añ
lunch at,v,añee
lust,va,xemem
machine,n,masin
madam,n,soxna
mad-person,adj,dof
magistrate,n,aateekat
maid,n,mbindaan
maize flour,n,sanxal
make,v,"defar, jagal"
make a fist,v,danka
make a haste,v,gaawantu
make a hole,v,kopati
make a knot,v,fas
make a line,v,rëdda
make a mistake,v,juum
make a quick stop,v,jadda
make a quick stop while,v,jaada
make a shrill,v,keeku
make a sound,v,jib
make an effort,va,"goór-goórlu, jeém"
make become sour,va,foroxal
make calm,va,emale
make clean,v,setal
make comfortable,v,yaatal
make easy,v,oyofal
make effort,v,koli-koli/kotor-koto
make escape,v,rawal
make fit,va,emale
make fun of,v,kayitloo/këyitloo
make important,av,faydaal
make known,v,xamal
make lively,va,xumbal
make oneself happy,va,baaneexu
make people know of a,v,jafuur
make unconfortable,v,xatal
make use of something,v,jafandu/jëfandu
male cow,n,ëkka
male pilgrim,n,Alaaji
Malian peanut,n,gete-bambara
manage,v,fexe
mandinka masquerade,n,kankuran
mango,n,mangoro
mangrove,n,mankoo
mangroves,n,maangi
maniac,n,pullox
man's name,n,"kaaba, mandu"
manure,n,maño
marabout,n,seriñ
marijuana,n,jaamba
mark,v,marlu
mark of something,n,noo
marker,adv,ka
market,n,ja/je
marriage,n,sëy
marry,v,takka
mash,v,rigin
mason,n,mason
masquerade,n,"kumpo, simba"
massage,v,"bós, dampa, fuy"
masticate,v,saxaarmi
mastubate,v,mbalu
mat,n,ndës/basan
mat/matress,v,ndëstan
matches,n,"almet, mace"
material,n,ndimó (fiis)
matter,n,mbir
matured,va,fendeeku
Mauritania,n,gaanaar
mayoniese,n,mayonees
mayor,n,meer
measles,n,nas
measure,v,"emale, nata, xayma"
meat,n,"ndawal, yaapa"
Mecca,n,makka
medicine,n,garab
meditate,v,xalaat
meditation,n,xalaat
meek,va,teen
meet,v,"dajee, fekka, tasee"
meet with,v,dajee
meeting,n,ndaje
melon,n,xaal
melt,v,"seey, yooy"
memorise,v,tanka
mend,v,"gaar, jagal"
mentally immature person,n,saa
merit,v,eeloo
message,n,"bataaxel, xibaar"
messenger,n,yonnént
metal scurrer,va,xiis
meter,n,meetar
mid wife,n,tiimkat
midnight,n,xaaji-guddi
migrate,v,genta
milk,v,biti
millet,n,"dugub, sanxal"
million,n,alfun
mince,v,ferej
minister,n,minista
mirrow,n,seetu
mischieve,n,caacaay
misfortune,n,kataa
mislead,v,kolooj
miss,v,foo
miss,va,"moy, nama"
miss each other,v,naama
miss someone,v,naama
mistake,n,njuumte
mistake for,v,jaawaatle
mistaken,v,juum
mix,v,"boole, siim"
mix,n,jamba
mix together,v,jaxase
moan,v,onka
mock,v,ñaawal
moist,va,tooy
moisten,n,"tooyal, kaas"
moment,n,"saas, saa"
Monday,n,Altine/Lundi
money,n,xaalis
money box,n,"kees, arankees"
monkey,n,golo
month,n,weer
mood,adj,casgin
moody,n,dikale
moody,va,waame
moon,n,weer
Moor,n,"Amet, naar"
more carefully,va,teey
more carefully,n,moytu
morning,n,subba
mortar,n,genna
mosque,n,"jaaka, jumaa"
mosque head,n,Elimaan
mosquito,n,yoo
mosquitoes,n,"roj, yoo"
mother,n,"ndey, yaay"
motive,v,xiir
motor bike,n,"mobilet, toftof"
mount,v,"ów, war"
mourn,v,tënja
mouse,n,janax/jinax
mouth,n,géemeň
move,v,"kata, randal"
move one's foot about,v,joggi
move(to the side),v,randu
much,adv,fo
much,n,bari
mud,n,"ban, potopoto"
muddy,adj,potopoto
mulatto,n,malaatar
mulch,n,nax
mulching,n,"tun, dajale nax"
mum,n,"meer, yaa"
muscle,n,"caas, fasoo"
muslim,n,seriñ
muslim coffin,n,jaat
muslim feast,n,gaamo
must,av,war
must,n,"fo, fog"
mute,n,"lu, muumu"
my,pa,suma
mystery,va,kumpa
mystified,va,waaru
nail,n,"daaj, ponta/daaj"
nail,v,daaj
name,v,"lim, tuddee"
name,n,"bori, faatu"
name of a fish,n,"coof, jis"
named,n,tudda
naming,n,ngénté
nape,n,loos
napkins,n,ngemba
narrate (a story),v,netali
narrator,n,netalikat
naught,n,"dara, tus"
naughty,va,saasaay
navel,n,jumbax
near,postp,daala
near,va,jege
near by,va,dendoo
nearly,va,xaw
neck,n,baat
need,va,"aajo, soxla"
needle,n,pursa/pusó
"negates ""be"" and ""mu""",av,te
negligent,va,saggan
negligent,n,besexeene
neighbour,n,dëkkandoo
nephew,n,jarbaat
nest,n,"yaa, taaga"
net,n,mbaal
nettle,n,gargamboose
never,adv,muk
new/fresh,adj,ees/bees
news,n,xibaar
next one,adj,beneen
next person,n,keneen
next year,n,dëwën
nice,va,rafet
niece,n,jarbaat
night,n,guddi
nil,va,maas-gu-dan
nil,n,"ndam dikut, ndam demut"
nipple,n,cus
no,ex,deédeét
no one,n,ken
no where,n,fen
nobility,n,ngor
noble,n,"géer, gor"
nobody,n,ken
noise,n,coow
none,adv,ben
noon,n,"becak, bëcëk"
nose,n,bakken
nose bleed,n,bori
nosy,n,dën-kumpa
nosy,va,sob
not in order,va,jagadi
note book,n,karne
nothing,n,dara
notified,va,yëg
notify,v,xamal
notify,n,yëgal
now,adv,leégi
nowadays,n,bii
obituary announcement,n,taage
obligation,n,warugal
obligation(religion),n,farata
obligatory,n,dagan
obliged,av,war
obscure,n,lëndëm
obscure,v,iir
observe,v,seetlu
obstruct to,v,dogandu
occupation,n,méecé
occur,v,xew
ocean,n,geej
odd,n,pata
of course,adv,baña
of course,ex,"ko, waawkaň"
off spring,n,doom
off work,v,waaca
offer,v,"may, nii, so"
offering,n,"soo, meye"
oh!,expression,ey
oil,n,diw
ointment(eye),n,tuuf
ok,n,aca
okra,n,kanja
okra soup,n,supa
old,adj,mag
old,va,maaget
old fashioned,va,xewwi
old man,n,paa
old woman,n,"meer, magget"
on,prep,si/ci
on duties,v,aye
on top,prep,kaw/kow
on top of,prep,kow/kaw
one,adj,benna
one eyed,n,pata
one's heritage,n,"waa, yaa"
one's personal affair,n,mbooja
one's way,n,yoon
oneself,n,suma boppa
onions,n,soble/liñon
only,adv,rek
only,conj,fo
ooh!-exclamation,ex,caa
open,v,ubbi
open one's eye,v,xippi
open one's mouth,v,naan
opened,n,ubéeku
opened,va,lañar
operate,v,xar
operation,n,xar
opium,n,"jaamba, jamba"
opportunity,v,jot
opposite,prep,jaakaarloo
opposite,va,jublu
or,conj,"fo, wala"
oral histori,n,géwël
orange,n,soraans
order,n,yoon
order,v,dogal
organisation,n,mbootaay
orgasm,v,guu
originate,v,faxeeku
orphan,n,baayo
Ostrich,n,banjooli
other,n,beneen
other,adj,doo
others,adj,yeneen
our,pa,suñu
out,postp,banta
out,prep,biti
out dated,n,xewi
out of,va,banka
out of,n,ñaka
out outside,adv,banta
outside,n,biti
outside,postp,banta
outsider,n,doxanéem
oven,n,fuur
over bend,n,ségaa
over bend,v,juutu
over power,v,noot
own,v,moom
own,pospn,yos
ownership,pa,bos
oxen,adj,ëkka
oyster,n,yoxos
pace,v,jeégi
pacify,n,jat
pack,v,pajale
pack one's belonging,va,ebu
packet,n,paket
pad lock,n,karnaat
pagan,n,"ééfar, yéefar"
pain,n,meetit
painful,adj,meéti
paint,v,pentuur
pair,n,peer
palm leaves,va,xiis
palm leaves,n,xobi tiir
palm oil,n,diwtiir
palm rat,n,jaar
palm tree,n,tiir
palm wine,n,sënga
pan,n,paan
pancake,n,"beñe, panket"
pant,v,xiix.
panther,n,tene.
pants,n,tubéy.
pap,n,"fonde, naan-mbuuru, ruy."
paper,n,kayit/këyit.
parents,n,waajur.
park,n,baya'l/baye.
parlour,n,saal.
parrot,n,"coy, caku."
part,n,"paar, xaajo."
part,va,waala.
part,v,"fata, waala."
partake,v,"far, féétéé."
partake,va,waane.
partition,v,iir.
pass,v,"romba, wees."
pass a judgement,v,dogal.
pass on to someone,v,jotali.
past,va,paase.
patch,v,"fata, gaar."
path,n,"mbedda, yoon."
patient,va,teey.
pauper,n,baadoola.
paved road,n,"mbedda, tali."
payer,n,"Joolaa, fay kat."
paymaster,n,"Joolaa, fay kat kattou mak."
payment,n,pey.
peace,n,jaama.
peace on to you,ex,maaleekumsalaam.
peace return to you,n,maaleekumsalaam.
peacock,n,jambajóob.
peanut & beans sauce,n,baase.
peanut butter,n,dege.
peanut cake,n,"gato, ngato."
peanut stew,ex,maafe.
peanuts,n,gerte.
pear,n,piya.
peasant,n,jambur.
pecker(slang),n,kooy.
pedal,n,pedaal.
peel,v,"les, xooli."
peelings,n,xoolit.
peep,va,yurndu.
peeping,v,yurndoo.
peep(over one's face),v,wedaañaamu.
pegs,n,keppu.
pegs,v,keppa.
perform ablution,v,jaappa.
perform abolution,v,tiim.
period,n,"diir, jamaano, tan, woxtu/waxtu."
perpire,v,ñaxa.
persevere,va,muñ.
person,n,nit.
personality,n,donma.
personality,adv,fayda.
person's witch craft,v,jafuur.
perturb,v,géten.
pestle,n,kuur.
petrol,n,esaans.
petrol/gas station,n,esaanseer.
phlegm,n,ñandaxit.
photograph,n,nataal.
pick,v,for.
pick a lock,v,jaabal.
pick up,v,"fob/fab, seepi/sipi."
pick up quickly,ex,cófit.
picking up things,n,foraatu.
picture,n,nataal.
piece,n,dogit.
piece of music,n,buum.
piece of music,v,galan.
piece of wood,n,banta.
pieces,n,xootit.
pierce,v,soo.
pierce,n,bónaa.
pig,n,mbaam.
pig(domestic),n,mbaam.
pigeon,n,pitax.
piginy,n,kuus.
pile,v,jal.
pile,n,"saam, tar."
pile,v,naaf.
pimple,n,picca-picca.
pin,v,"keppa, tapa."
pin,n,pengu.
pinch,v,"dompat, tëcca/ticca."
pineapple,n,sanaan.
pious,va,"seela, yiiw."
pipe (smoking pipe),n,géna.
pipe(smoking pipe),n,xaanu.
pirate,v,toopandoor.
pit,n,"kamba, pax."
pity,n,yérmaande.
pity,va,yérém.
pity oneself,n,yérémantalu.
place,n,"bërëb/barab, noo, palaas, yaa."
place,v,"laa, palaase, taaj, teg."
plait,v,"létta, maab."
plan for,v,nata.
plant,v,jëmbat.
plaster,v,"taf, tan."
plaster a floor,v,dar.
plaster with cement/mud,v,raax.
plastic,n,palastig.
plastic bag,n,mbuus.
plate,n,aset.
play,n,po.
play,v,fo.
play drums,v,tëga.
play eating,v,kojomtu.
play love,v,kooca/koocax.
playing cards,n,karto.
please,v,"ban, lel."
please (to God),va,soobee.
pleasure,n,coobare.
pleat,v,ras.
plenty,va,oom.
plenty,n,bari.
pluck,v,"faxa, fooxa, suxi, wita."
plunge in (expression),n,soobu.
plunge in (expression) (inten),n,cumbux.
"plunge(in river, ocean e.",v,sóobu.
pocket,n,"jiba, poos."
poke,v,"cuxuň, ruux, subux."
poke(one's forehead),v,pañas.
police,n,polis.
police(slang),n,coy.
polish(shoe),v,siraas.
polite,va,mandu.
politics,n,politig.
pond,n,déeg.
ponder,v,xalaat.
pool,n,"déeg, wayo."
poor,va,"ñakka, torox."
poor man,n,miskiin.
poor person,n,baadoola.
porridge,n,"cuuraa, fasoo, fonde, laax."
portion,n,xaajo.
portrait,n,nataal.
possess,v,yore.
possession,pa,bos.
possession,v,moom.
possessions,pospn,yos.
pot,n,"kawdiir, sujeer."
potatoes,n,pompiteer.
pot-belly,n,koola.
pound,n,"liibar, sooxa."
pound,v,wol.
pounded mould grain,n,naaka/mburu.
pour,adj,bon.
pour,v,"sooti, tuur."
pour(slowly),v,xeeli.
powder,n,sunguf.
powder(baobab leaf),n,laalo.
power,n,"doole, kattan."
praise,v,"santa, taga."
praise be to God(Arabic),ex,alxamdulilaa
praise singers,n,"géwël, ñeeño"
pray,n,juli
pray,v,ñaan
pray for,v,ñaanal
praying place,n,ñaanukaay
preach,v,"waar, waare"
precisely,ex,saalaaw
precisely,n,sax
precocions,va,goog
precocious,va,panka
pregnancy,n,biir
pregnant,va,biir
preparation,n,paree
prepare,v,"lal, paree"
prepare,n,parepaare
prepare,va,paree
prepared,va,fasoo
prepare(for),v,pareel
preparing,n,paree
prescription,n,ndigtal
presence,n,jëmma/jomma
present,va,teew
present,n,yóobal
press,v,fudda
prestige,n,daraja
pretend,v,fooj
prevent,v,"baare, fanxa, kal, tere"
price,n,njëg
prick,v,cuut/cuuc
prickly heat,n,picca-picca
priest,n,laabe
prim,va,leeral
Prince,n,lingeer
princess,n,lingéer
prison,n,kaso
problem,n,jafe jafe
problem,va,soxla
proceed,v,jiitu
profession,n,méecé
proffession,n,ligeey
prohibit,v,"aayee, tere"
promise,v,dig
prompt,v,gaaganti
prophet,n,yonnént
proselyte,n,tuubéen
prosperity,va,naat
prostitute,n,cagga
prostitution,n,caggatu
protect,n,tanka
protect,v,saama
protection,n,"garolemaa, aar"
protestant,n,"katolik, gurment"
"proud,",va,fuuy
provincial chief,n,ciif
provisions,n,nduggu
provoke,v,toon
puberty for girls,v,janxatu
pubic hair,n,"cooka, jaaf"
puddle,n,taa
pull off from,v,fuxi
pull out,v,loxati
pump,n,pompe
pumpkin,n,"baanga, naajo"
punch with the fist,v,këmëx
puncture,n,soo
pupil,n,njaangaan
pure,adj,piir
pure,va,piir
purse,n,"kalpe, nafa, poos"
push,v,puus
put,v,"def, laa, taaj, teg"
put a load on one's,n,yen
put a load on one's,v,en
put indisorder,va,ruubaate
put infront,v,jiital
put on,v,sol
put on weight,va,am-yaram
put out,v,"kamaj, óf"
put together,v,boole
puzzle,v,umpa
puzzle,n,firndé
puzzles,n,cах
python,n,yeew
quarral,v,xulóo
quarrel,n,"tafaar, xuloo"
quarrel,v,niiroo-naaroo
queen,n,buumi
querilla,n,dinool
question,n,laŋ
question,v,laajte
question,int,ban
quick,n,gaaw
quiet,n,"nopi, miikar"
quiet,ex,tuuk
quiet,va,"miskar, noppi, selew"
race,n,xeet
radio,n,rajo
rain,v,taw
rained,v,tawat
rainy season,n,nawet
raise,v,"yar, yóoka"
rape,v,yeketaan
rapist,n,yeketaankat
rare,v,yafal
rascal,va,saasaay
rat,n,kaña
raw peanuts,n,gerte-xaaran
reach,n,jot
reach one's limit,v,"sës, teesal"
read,v,janga
read syllable by syllable,v,ijji
ready,adv,banta
ready,va,paree
ready to do something,va,nar
really,adv,lënxa
rebuke,v,daral
rebuke someone,v,daral
recall,v,xaamaleku
receipt,n,risit
receive one's pay,v,feyeeku
reciprocal relationship,n,jëflante
recite,v,tari
recognise,v,"xaamee, xaamaleku"
recognize,v,neemeeku
recommend,v,diggal
recover from,v,ximaleku
recover from a faint,v,ximi
rectify,v,"bijanti, gaaganti"
red,n,xonxa
reduce,v,waañi
reduce,n,waañeeku
reduced,n,waañeeku
reduced,v,talaata
reed,n,"ñax, waa"
referee,n,arbit
refuse,va,lanka
refuse,v,bañ
regale,v,teral
regard,n,kersa
regret,v,reécu
reject,v,geeda
rejoice,va,"baaneex, baaneexu"
relative,n,mbooka
relatives,rp,su/bu
relax,v,jeeki
relax,n,nopaleku
relief,v,wolu
relieve,v,noppal
religion,n,diiné
reluctance,va,ñeeg
remain,va,manke
remain,v,des
remains,n,ndësit
remember,v,faateleku
reminant,n,ndësit
remove,n,génee
remove,v,"laali, randal, teegi"
remove patching materials,v,fatarñi
remove with force,v,faxa
renounce,v,xaacee
repair,v,"defar, gaar, jagal"
repeat,n,defaat
repeat,v,woxaat
report,n,xibaar
report,v,boole
representative,n,ndaw
research,v,geestu
resemble,v,xelmati
residence,n,"kër, yaa, dekuwaay"
resident,n,waa
residue,n,ndësit
respect,va,"naw, yaru"
respect,v,fonka
respect,n,"cër, kersa, teranga"
respect,adv,fayda
respectful,va,aajo
respond,v,"tóntu, uyu, wuyoo, wuyu"
respond rudely,v,gédda
respond to someone rudely,v,jaandi/jaani
response to a call,ex,naam
responsible,v,saytu
rest,v,noppaleku/noppalu
restless,va,muut-muuti
restrain,v,"tiye, xañ"
resurrect,v,deekali
retaliate,v,"feyu, fipu"
retract,v,weedi
retreat,v,woñeeku
retrieve,v,feeň
return,v,"baakanti, deeloo, woñeeku"
return to live,v,deeki
reveal,v,feeñal
revenge,v,feyu
review,v,seega
revise,v,geestu
revive,v,"deekali, deeki"
rhun-palm,n,ron
rib,n,faar
rice,n,"ceeb, maalo, sanxal"
rich,va,riis
ride,v,war
rider,n,dawalkat
right hand,n,ndeyjoor
ring,n,jaaru
ring worm,v,gëgër
rinse,v,yalandi
rinse the mouth,v,galaxndeku
rip off,n,"Jeeti, tapale"
ripe,va,ñor
ripen,v,rënxa
risk,v,jëngu
rivalry,n,wujje
rivals,n,jamaale/namaale
river,n,dex
ro receive,v,jot
road,n,"mbedda, yoon"
road,dem,nii
"road, street",n,tali
roam,v,"wór, yaay"
roast,v,saaf
roasted peanuts,n,caaf
roast(slang),v,fuur
robe,n,"kamisool, xaftaan"
rock,n,xeer/doj
roll,v,"bórón, laxas"
roll on the ground,n,bóróngu
room,n,neeg
roots,n,reen
rope,n,buum
rope for the well,n,goj
rosary beeds,n,saapilet
rot,v,nëb/nób
rotten,v,nëb/nób
round,adj,móróg
roving farmers,n,surga
rub,v,"raay, riib"
rub(the eye),v,toxoň
rude,va,"luubu/luugu, reew"
rude/sulky,va,beew
rug,n,tape
rule,v,"dogal, saytu"
rumple,n,ñagas
rumple,va,sufuné
run,v,"bori, daw"
run about,adj,fir-firi
run about,expression,bór-bóri
run after someone/thing,v,daaxee
run helter skelter,v,dani-dani
run in a confused manner,adj,fir-firi
run(imperative),v,dawal
running water tap,n,pompe
's,rm,i
sacrifice,v,"sarax, walanteeru"
sad,va,mer
safe,n,kees
said,v,"ko, ne"
salary,n,pey
sales,n,njarte
salivates,v,yuut
salt,n,xorom
salted & dried meat,n,ketandi
salty,n,xorome
same,va,tooloo
same,n,nuroo
same,adv,sax
sap,n,"laalo, meen"
sapilet,n,kurus
sarong,n,"mallam/monaam, sër"
satan,n,"ibliis, seytaane"
satisfied,va,suur
satisfied/good,n,doylu
Saturday,n,"aset, samdi"
sauce,n,soos
save,v,"deñca, musal, sutura, wolu, wollu"
save,va,oór
"save from trouble, etc",n,musal
"save from trouble, et",v,tanka
savior,n,musalkat
say,v,"fo, ko, ne, nel, wax/wox, wox/wax"
saying,vn,foo
saying,n,"kaadu, waxin"
scale,v,waas
scales(fish),n,wasintoor
scarcity,va,ñakka
scarcity,n,mankoo
scarf,n,"fulaar, kaala, tegu"
scatter,v,"tas, tasaare"
scattered,va,tasaaroo
scavenge,v,"for, kës"
scavenging,n,foraatu
scent,n,xet
scholar,n,jangakat
school,n,"jangu, jangukaay"
scissors,n,siso
scoop,v,buub
score,n,marke
scorpion,n,jiit
scowl,v,ñangal
scramble,v,"ngiiroo/njiiroo, njiiroó"
scrape,v,"ooyi/oy, xoos"
scratch,v,"esen, gaja, ooka, ookatu, xosi"
scream,v,yuuxu
screws,n,wiis
scrub,v,"ragga, sooca"
scrub clothes,v,fete
sea,n,geej
seagull,n,kiri-geej
seamstress,n,ñawkat
search,v,"kisi-kisi, niit, seet, ut"
search around for food,v,kës
search for,va,laxaarci/laxaañi
search for,v,wut/ut
season,n,tan
second,n,ñaareel
second wife,n,ñaareeli jabar
secret,va,kumpa
secretive,n,sutura
secretive,adj,sutura
section,n,"waala, parti"
section of tree,n,banxaas
secure,v,garde
secure someone,v,sutura
security,n,gardekat
see,v,"gis, seet, xool"
see each other,v,gisee
see off,v,gungeé
seed,n,"peepa, xoox, jiwu"
seek a way,v,fexe
segment,v,waala
seige,n,waafu
seige,v,gaapa/haar
seizure of one's right,n,nooteel
select,v,taanal
self control,n,kersa
self esteen,n,jom
self honour,n,jom
self respect,adj,fulla
self respect,va,"mandu, yiiw"
selfish,va,buggé
sell,v,jaay
sell well,n,jar
seller,n,jaaykat
semen,n,maniiwu
send,v,"ebal, kii, yonni"
send for something/one,v,yoonée
Senegambian dish,n,baase
sense,n,sago
senseless,adj,ñaaka-xel
sensitive,va,nab
sentence,n,baat
seperate,v,"aatee, dëdale, taaxale, taayi, xaaj"
seperated,v,talaata
seperated,va,xajaaloo
serer,n,seereer
seriousness,n,soobee
sermons,v,waare
servant,n,"mbindaan, rapaas"
serve oneself,v,jafandu/jëfandu
serviceability,n,njəriň
serviette,n,musuwaar
serving spoon,n,kuddu luus
set,v,laa
set e.g. jelly,v,way
set on fire,v,jafal
setdown,v,taaj
set(sun),v,so
settle,v,"laa, toog"
sew,v,ñaw
shade,n,"keepar, ker"
shadow,n,takandeer
shake,v,"gësëm, yëngal"
shaken,va,yëngu
shaky,va,yanxa
shallow frying pan,n,teela
shame,va,gaace
shameless,adj,ñaaka-jom
share,n,"cër, waala, seddoo, sedaatte"
shared,v,talaata
shared,n,sedaatle
shark,n,cax
sharp-edge,n,cat
sharpen,v,les
shave,v,"lii, nel/ndel, wat, watu"
she,mungi,mungi
she,cp,mu
shea butter,n,diwingalam
sheath,n,"laa, mbar"
shed,n,xootit
shed,v,ruus
sheep,n,"kuy, xar"
sheer,va,woyof/oyof
sheet,n,"darab, kayit"
shell,n,xoor
shell fish,n,tuufa
shelter,n,mbaar
sheperd,n,saamakat
sherpen,v,naama
shin,n,eel
shine,n,melax
shine,v,melaxal
shiner,n,gena melax
ship,n,"gaal, saxaar"
shirt,n,"mbubba, simis"
shirt (local style),n,turki
shiver,v,"kof-koffi, lox"
shocking,va,waar
shoe,n,daala
shoe shine,v,siraas
shoot,v,fetel
shoot,n,jam
shoot with arrows,v,fita
shop in the market,v,duggo
shopping money/fish money,n,koppari ndawal
short,adj,gaata
short person,n,ndaama
"short person, etc.",n,ndaama
shortage,n,"manke, mankoo, manke naaka"
should,av,war
shoulder,n,mbaga
shout at someone,n,joowar
shout (loudly),v,yuuxu
shove,v,pomax
shovel,n,peel
show,v,won
show off,v,wonewu
showel,n,gasu/gasukaay
showing surprise,ex,way
showing surprise,n,moo
shrine,n,tuur
shroud,n,caangaay
shuffle,v,watat
sick,va,"feebar, oopa, wéradi"
sickly,va,"wéradi, xiibon"
sickness,n,jaahgoro
sickness,va,feebar
sick(often),va,xiibon
side,n,"laa, boor"
side,prep,wet
side of body,prep,wet
sides,n,wet
sieve,n,layu/layukaay
sift,v,seega
sift,n,lay
sight,v,seén
sign,n,"maandarga, melokaan"
silence,vn,dee
silence,n,noppi
silent,n,noppi
silent,v,dee
silk,n,sooy
silk cotten tree,n,bentenki
silly,adj,ñaakafayda
silver/gold smith,n,tëga
similar,adj,meéngoo
sin,n,"aaxa, baakaar"
since,v,dipi
sing,v,"laa, woy"
sink,v,"diig, suux"
sinner,n,baakarkat
sister in law,n,njëkké
sit,v,toog
sit in one place,n,toog
sit in one place,v,jeeki
sit on bended knees,n,gapareku
sitting room,n,saal
skid,v,mbar/mbarateko
skid (lightly),v,raay
skid (lightly),n,mbarr
skim,v,"ooyi/oy, oy/ooyi"
skin,n,der
skin disease,n,xam
skinny,n,sweijeex
skinny,va,laapa
skinny(slang),va,mees
skirt,n,sippa
sky,n,asamaan
sky blue colour,n,baxa
slack,va,"yanxa, yadaax/yedaax, yolom"
slap,v,mbej
slaughter,v,"reendi, rey"
slave,n,jaam
slavery,n,njaam
sleep,v,nelew
sleep on the floor with,v,ndëstan
sleepy,va,gomantu/geméntu
sleeve,v,maas
slice,n,dogit
slice,v,"dog, ferej, taraase"
slip,v,nama
slip in unexpectedly,v,fóla
slip in unexpectedly,inten,curux
slippers,n,carax
slippery,adj,nama
slot,v,sooti
slot,n,"suruxal, duggal"
slow,va,yiix
slowly,adj,ndanka
slumber,n,yaandóor
slumber,v,jinkoo
slumbering,vn,jinkoo
slumbering,n,yaandóor
sew,verb,tuuti
calabash,noun,mbaatu
smart,verb,"aay, saas"
smash,verb,tey
smear,verb,riib
smell,verb,"fóon, xeen"
smell bad,adjective,ëna
smell(bad),verb,xesew
smoke,noun,saxaar
smoke,verb,tux
smoker,verb,tuxkat
smother,noun,feyi
smother,verb,moppa
smuggle,verb,rawal
smuggler,noun,rawalekat
smuggling,noun,rawale
snail,noun,"tuufa, yéet"
Snake,noun,"jaan, saa"
snatch,verb,"kóf, paka"
snatch a bit of sleep,noun,gëf/gof
sneak,verb,yooleeku
sneak(expression),verb,moy
sneak(slang),verb,rooceeku
sneeze,verb,tisoóli
sniff,verb,xeentu
snival,verb,ñisabu
snivel,noun,yérémantalu
snore,verb,xandoor
snuff,noun,xemme
so,noun,kon
so,adverb,fo
so much,noun,nangam
so that,conjunction,ndax
so then,conjunction,noonu
soap,noun,saabu
soap water,noun,poótit
society,noun,kompin
socks,noun,kawas
soda,noun,limuunaat
soft drink,noun,limuunaat
soften by soaking,verb,gëjëf
soldier,noun,soldaar
solicit,verb,ñaan
solicit,noun,lojte
soliloguy,verb,woxtu/waxtu
soliloquise,verb,woxtu
solve,verb,faj
some,noun,doo
some,adjective,i
some,noun,anyi
some trouble,adjective,ay
someone,expression,saa-waay
someone who courts,noun,doxaankat
something,noun,"dara, lenna"
something esential,noun,farata
something that pricks,verb,cuuté/cuuce
song,noun,wóy
songs,noun,kasag
soot,noun,mboltin
sooth sayer,verb,seruntu
sorrel,noun,bisaab/basaab
sorrow,noun,"meetit, naxar, tiis"
sorrowful,verb,naxari
sorrowful,adjective,meéti
sorry,adjective,"maasa, mas"
soul,noun,ruux
sound,verb,riir
sound made by a breaking,noun,kak
soup,noun,ñeex
soup prepared with okra,noun,supa
sour,verb,forox
sour milk,noun,soow
sour sap,noun,maada
sour sap (local),noun,kabaa
sow,verb,ji
sow,noun,fii
sown,verb,ji
space,noun,palaas
spacious,verb,yaatu
spade,noun,"gopp/péel, peel"
spare,noun,garolemaa
speak,verb,"laaka, wax/wox"
speaker,noun,laakakat
spear,noun,xeej
species of cattle,noun,ndaama
speech,noun,kaadu
speed,noun,witées
spell,verb,korte
spell,noun,fere depaas
spend,verb,"def, jaay, laa"
spend a day,noun,fere depaas
spend a day,verb,eendal
spend the day,verb,"eendu, endu"
spend the night,verb,fanaan
spend the night sometime,verb,fanaanal
sperate,noun,taagaatle
sperm,noun,maniiwu
spew,verb,yuut
spider,noun,jargon
spied,noun,jeebaanu
spill,verb,tuur
spin,verb,wondaal
spirit,noun,"jine, tuur, yaleef"
spit,verb,tufli
spitting cobra,noun,ñangoor
spittle,noun,tuflit
splash,verb,tis
splay one's legs open,noun,"naaleeku, nooleeku"
splay one's legs open,verb,naapeeku
spleen,noun,gaadam
split open,verb,toj
split open,noun,amxar
spoil,verb,"kasaara, yaaxa"
spoiled,verb,yaaxu
sponge,noun,epons
spoon,noun,kuddu
spots,noun,"gaaka-gaaka, tooxa-tooxa"
sprain,noun,rëxa
sprain,adjective,foxoj
spread,verb,raacu
spread,verb,"firi, lal, law, raaca, roy"
spring,noun,tëb
sprinkle,verb,"suy, wis"
sprout,noun,meeña
sprout(flowering stage),noun,tóntóor
spy,noun,"jeebaanukat, jeebanu"
squash,noun,"baanga, naajo"
squat,noun,jonkon
squat,verb,jonkon
squeeze,verb,"lii, nal"
squirrel,noun,jaxat
stab,expression,daabuux
stab,noun,"jam-jam, soo"
stab,expression,cabax
stain,noun,"gaaka-gaaka, tooxa-tooxa"
stain,verb,"gaaka, taxa"
stake,verb,laa
stake,noun,tek
stammer,verb,"bar, dët"
stamp,verb,din-diņi
stamp,noun,tampe
stand,verb,"loo, taxaw"
stand-pipe,noun,"pompe, róbine"
starch,noun,"daakaande, gom"
stare,verb,xoole
stare,noun,xuli
start,verb,"door, kumaase, sañca, taal, taambali"
start early,verb,njëtu
start early,noun,teela door
start to,adjective,daldi
state of being quiet,noun,"nopi, niipi seeh"
state of being quiet,verb,mekka
state of being taken out,verb,deň
statemate,verb,maas-gu-dan
statement,noun,dekkandoor
status,noun,"jëmma/jomma, maaxaama"
stay long,verb,yaaga
steal,verb,saaca
steal,noun,weexa (slang)
steal (slang),verb,"njiin, njoof"
steam,verb,"muusal, tan"
steam,noun,suusal
steamed meat & fish,noun,ketandi
steamer,noun,indé
steer,n,saa.
step on someone/thing,v,dégaat.
step over,v,jeégi.
stew,n,"caa, cu."
stick,v,"taf, tapa."
stick,n,"banta, et, tay."
stick to,v,taxa.
sticky,n,taxe.
sticky,va,sécca.
still,n,"selew, teeyi."
still have,v,dese.
sting,n,"mata, maata."
sting,v,feeta.
stingy,va,"nay, noota."
stir,v,"maa, yëngal."
stockings,n,kawas.
stomach,n,biir.
stomach,va,biir.
stone,n,xeer/doj.
stone at someone,v,jam.
stood,v,loota.
stood,n,taxaw.
stool,n,"day, puup."
stop,v,"loo, taxaw, tees."
stop by,va,juux.
stop by,n,jaar.
stop raining(in process),v,séwët/sébet.
stopper,n,"kubeer, saañ."
store,n,"pukus, saaa, ngat."
storey building,n,taax.
stork,n,"ñaarapuloo, xooda, ñaalapaki."
stormy,n,ngelaane.
stormy,va,waame.
story,n,leeb.
straddle,v,war.
straight,va,taali.
straighten,n,"jub, jubal."
straighten,va,taali.
stranger,n,gan.
straw,n,ñax.
straw mattress,n,pajaas.
stream,n,"wayo, seyaan."
street,n,"koň, mbedda."
strength,n,"doole, kattan."
stretch,v,fudda.
stretch marks,n,rew.
stretch oneself,v,fuddu.
stretcher,n,balankaar.
strike,v,"dóor, gerew, ñef."
strike on the head,v,on.
strimp,n,sippa-sippa/sippax.
string,n,fiddiwol.
stripes,n,rew.
strips,n,xaf.
strive,va,"soonal, xaru."
stroll,v,doxantu.
structure,n,neeg.
struggle,v,ñaxa.
struggle,va,xaru.
struggle,n,coono.
stubborn,va,teexet.
stucked,va,can.
student,n,jangakat.
study,n,njanga.
study,v,janga.
stuff,n,yét.
stuff,v,"ñuux, roof."
stumble,v,fakatalu.
stump,adj,ëkka.
stun,va,waar.
stupid,n,dot.
stupid,va,"dof, toóy."
substantial,adj,buy.
subtract,v,geénee.
succeed,n,ndam.
succeed,v,teeki.
such as,adj,kom.
suck,v,moca.
suckle,v,nampa.
suddenly,adv,tir.
suffer,va,torox.
suffering,va,soonal.
suffering,n,coono.
sugar,n,sukkar/sukkur.
suit,n,kostiim.
suitcase,n,wolis.
summer,n,noor.
sun,n,naaj.
Sunday,n,Alet/dimaas.
sunny,va,naaje.
superior,n,njaati gi.
superstition,n,bidaa.
surname,n,"baayo, Fande, santa, bari."
surpass,va,gén.
surprise,v,daaxa.
surprise,ex,caa.
surprise,va,daaxa.
surprised,va,waaru.
surroundings,prep,wet.
surround(someone/thing),v,sëm.
swallow,v,wona/wana.
swallow(without,v,warax.
swaying of the hips,v,bañar-bañari.
swaying the hips,va,duguj-dagac.
swear,v,"gin/waat, waat."
sweat,v,ñaxa.
sweep,v,"bale, faxas, fita."
sweet,va,neex.
sweet potato,n,pataat/pataas.
swell,adj,nëwwi.
swell,n,neeri.
swiftly,adv,fat.
swiftly,n,gaaw.
swim,v,"féey, noo."
switch off,v,"fey, kamaj."
swollen,va,funki.
swollen,adj,nëwwi.
swollen eyelid,n,jumbuj.
sword,n,jaasi.
sympathize,va,yérém.
sympathy,n,yérmaande.
symtoms,n,melokaan.
t,v,Deeteeku.
table,n,taabul.
tag question maker,int,fo.
tail,n,geen.
tailor,n,"ñawkat, tajoor."
take,v,"bii, fob/fab, jël, taa, yoóbu."
take a bite,v,napati/nopati.
take a handful,v,tibba.
take a permission,v,taagu.
take a small bit,v,compa.
take a swallow,n,guux.
take a turn,v,laaxa.
take a walk,v,doxantu.
take abite,v,ŋaañ.
take advantage,v,muuse.
take along,v,yóbaale.
take an oath,v,waat.
take care of,v,"toopatoo, yor."
take charge,v,jiité.
take leave,v,taagu.
take one's share,v,saaka.
take out,v,geénee.
take out of the mouth,v,yaabi.
take rest in an airy plae,v,féexlu.
take sides,v,"faral, féétéé, laa."
talisman,n,gaalaaj.
talk,v,"wax/wox, wox/wax."
talk loudly,v,soow.
talk to oneself,v,woxtu.
tall,adj,njool.
tamarind,n,daxaar.
tan,v,wulli.
tang-top,n,genso.
tanner,n,wullikat.
tap,n,pompe.
tar,n,godoron.
tarred,n,tali.
taste,n,"ñam, safaay."
taste,v,guu.
tasteless,va,"saapi, xormbet."
tasty,va,saf.
tax,n,lempo.
taxi,n,taksi.
tea party,n,ataaya.
teach,v,jangale.
teacher,n,jangalekate.
tear,n,xootit
tear,v,"xar, xooti"
tears,n,rongoň
tease,v,"njoos, ñaawal"
teat,n,cus
tell,v,"fo, laa"
tell,n,waxin
tell a lie,n,fen
tell a story,v,leéb
tell off,v,"tanca, xas"
telling,n,waxin
telling,vn,foo
temple,n,"kabaab, nampatal"
ten,n,fukka
"tend sheep, cattle etc.",v,saami
tendon,n,caas
tenth,n,fukkeel
terminate,v,neef
termites,n,max
testicles,n,kooy
than,va,gena
thank,v,"gërëm, ngëmande"
thank you,n,jéréjëf
thanks,n,jéréjëf
thanks,adj,gërmande
that,v,ne
that,dem,"loolu, nele/nale"
that,conj,ko
that day,n,kerog/kerag
that person,dem,"kélé/kale, kooku"
that thing,dem,"lale, loolu"
that way,dem,nale
that way,manner,noonu
that which,int,lu?
that's why,ex,mootax
the,dem,ka
the,da,"bi, gi, ja, ji, ki, li, mi, si, wi"
the colour of red,very,cur/coy
the end of,n,"mujeél, muji"
the holy Quran,n,kaamiil
the king of cayor,n,jaraaf
the last,n,muje
the manner/way to do,n,anam
the middle,prep,digga
the most one can do,va,kem-kattan
the owner,n,borom
the,pl,yi
the second day after,n,sibir
the sun,n,janta
the world,n,aaduna
theft,n,cacca
them,opt,leen
them,isp,ñoom
then,adv,kon
then,conj,te
there,da,fa
there,dem,"fale/félé, félé, foofu, nale, nele/nale"
there about,prep,si/ci
therefore,adv,kon
thermometre,n,tamomoita
thermostat,n,tamostaat
these,dem,yii
they,oe,leñu
thief,n,"rawalekat, saacee"
thief(slang),n,randalkat
thigh,n,"luppa, pooj"
thin,va,"laapa, sew, woyof/oyof, yooy"
thing,n,"14f, yëf"
think,v,"fog/foog, xalaat"
think,va,"defe, yaakaar"
third,n,ñeteel
thirty,n,fanweer
timid,va,xuta
timid person,n,baanganooye
tin,n,pot
tiny,va,sew
tiny insect,n,mutu-mutu
tired,va,"loota, soona, xoox"
to,prep,"ci, pur"
to,postp,"fo, ka"
to agree on,va,deégoo
to appear,v,fóla
to arise,v,jiitu
to ask,v,"laaj, laajte"
to assume,va,defe
to assume,v,gaddu
to attempt,v,fexe
to avenge,v,feyeeku
to baby sit,v,baambaane
to backbite,v,joow
to bait,n,meeb
to bait,v,meeb
to be armed,va,gaacaayoo
to be awake,va,eewu
to be bent,va,banku
to be bent,v,dénga
to be divorced,va,fase
to be enlightened,va,eewu
to be removed,va,deň
to be rotten,va,fónax
to belief,va,gëm/góm
to benefit,va,jig
to border,v,géten
to bribe,v,ger/dukku
to bring,v,isi
to buy,v,jënda
to cackle,v,keeku
to calm,va,nax
to carry,v,meeb
to class,v,kalaase
to clean,v,fompa
to clear,v,faxas
to comb,n,peñe
to conceal,v,laaxa
to confront(slang),v,dal
to cover(oneself),v,muuru
to crawl under,v,mbota
to cross,v,jaala
to crumble,v,moxoñ
to cry,v,jooy
to cutdown,n,jas
to delegate,v,ebal
to deserve,v,eeloo
to dethrone,v,fooli
to direct,v,jiité
to dodge,v,mbas
to drive,ex,kus
to drive,v,dawal
to dust,v,"faxas, fogga"
to entangle,v,lëjal
this,dem,"jii, lii, mii"
this one,dem,bii
this person,dem,kii
this place,dem,fii
this very moment,dem,gii
this way,dem,nii
this year,n,"reen, ren"
those,dem,yooyu
those which are,rp,yu
thought,n,xalaat
thousand,n,njuné
thread,n,won
thread,v,nas
thresh,v,"baaca, lii"
throat,n,purux
through,postp,la
throw,v,"fay, fudda, saani, waaka, wal, wen"
throw someone down,v,mbas
throw with fare,v,cooral
thrown,n,fay
thunder lightening,n,melaxal
Thursday,n,Alxemes
tick,n,weten
tickle,v,raf
tide,n,"peese, waame"
tie,v,"eew, takka, waatiir"
tie an asnimal's two legs,v,jënga
tie in a knot,n,pas
tied,va,fasu
tiger,n,"segga/tene, tene"
tight,va,"dan, seere, xat"
tilapia,n,waas
tiles,n,karo
till,v,fo
till,postp,fo
tilt,v,moyal
time,n,"jamaano, tan, waxtu, woxtu/waxtu"
to erase,v,far
to estimate,v,fog/foog
to extract,v,buddi
to faint,n,meéda
to fiddle with,v,jaabal
to finish,v,éegali
to frighten,v,joomal
to get,v,jot
to give,v,"jox, may"
to give to,v,joxe
to glade,v,ñedda
to go ahead,v,jiitu
to go fetch,v,indiji
to go through,v,fóla
to gossip,v,joow
to govern,v,jiité
to grow,v,mag
to hammer,v,marto
to hand,v,jox
to hand to,v,joxe
to heckle,v,tapaas
to herd,v,saama
to hide,v,laaxa
to hit a target,v,aaji
to insert,v,roof
to itch,v,esen
to jail,v,kaso
to join,v,waali
to kid,va,nax
to lack,va,manke
to lead,v,jiité
to leave,n,baay
to lick,v,mar
to lie,va,nar
to make a faced,v,gañaxu
to make reach,v,aagee/eegee
to mislead,v,juuwé/juwé
to miss,va,gelu
to mix,v,jaxas
to open,v,laaņa-laņaral
to owe,va,amel
to park,v,gaare
to partake,v,faral
to patch,adj,fata
to pay,v,fey
to pierce,v,jam
to point,v,joxoň
to prison,v,kaso
to promise,v,dénku
to prop,v,ton
to pull off,v,fuxi
to raise,va,naw
to rate,v,kalaase
to reach,v,aaga/eega
to ready,va,noppi
to rebel,v,fipu
to recognise,v,raañe
to refuse,v,gantu
to revenge,v,feyeeku
to revere,v,fonka
to roll,v,eñ
to run,ex,daani-daaņi
to scratch oneself,v,ookatu
to skid,v,mbar/mbarateku
to slide,v,"mbar/mbarateku, mbar/mbarateko"
to spend the night with,v,fanaane
to spread,v,riib
to stab,v,jam
to stamp,v,joggi
to steal,v,kaja
to straighten,v,jubal
to submerge,v,diig
to suck bones,v,mocaat
to surprise,v,jaaxal
to survive,va,mucca
to sway,v,biij
to taste,v,mos
to tease,va,nax
to tell alie(slang),v,duul
to tie,v,jënga
to turn,v,eñ
to twist,v,biij
to unbend,v,bijanti
to uncover,v,muuril
to unplug,v,fuxi
to warn,v,dénku
to wrap,n,lomas
to wriggle,v,ñuum-ñuutu
to yawn,v,óbbëli
tobacco powder,n,xemme
today,n,"bii, tey"
toe,n,baaraam
toe nail,n,we/wey
together(in piece of clo),va,ómba
toilet,n,"kama, wanag"
toilet paper,n,Jeeteekukaay
tomato paste,n,tomaate-loxati
tomatoes,n,tamaate
tomorrow,n,"ëllëk, saama, subba"
tom-tom,n,"ndënda, tama"
tongue,n,laameň
"too, also",adv,it
too much,va,oppal
too much in a gatherig,va,fédageéw
tool,n,suti
tooth,n,bón
top,prep,kow/kaw
tortoise,n,mbonaat
touch,v,"laal, laamba, maa"
tourist,n,tooris
town,n,"dekka, teeru"
trader,n,jula
tradition,n,cosaan
train,v,yar
train,n,"otoraay, saxaar"
train station,v,gaar
trainer,n,jangalekate
transaction,n,duggoo
transfer,v,kata
translation,n,firndé
transparent,va,perewere
transplant,v,jëmbat
traouble shooter,n,jaxasekat
trap,v,tër
trash,n,mbalit
travel,v,"taama, tukki, woyaas"
treat,v,faj
tree,n,garab
tremble,v,"kar-kari, kof-koffi, lox"
trend,adj,casgin
trend,va,saari
trespass,v,toon
tribe,n,"firdu, lebu, xeet"
tribe in Senegal,n,Jolof-jolof
trick,n,pexe
triditional exchange of s,v,root
trim,v,"emale, lii"
tripe,n,mbaaxa
trouble,v,tapaas
trouble,n,"fitna, kataa, seytaane"
trough,n,mbalka
trousers,n,tubéy
true,va,dégga
truely,adv,lënxa
trust,v,"laa, oólu"
truth,n,dégga
try,va,jeém
try,v,"fexe, koli-koli/kotor-koto"
try hard,va,goór-goórlu
try in,v,nata
tse-tsefly,n,weñ
tuck,v,sooti
Tuesday,n,talaata
turbin,n,kaala
turbulent,va,sob
Turkey,n,kóopin
turn,v,"jadda, olbati, ruuj, xeelu"
turn back,v,dóppa/dellu
turn down,v,daaxa
turn down,va,daaxa
turn face down,v,"dipi, dóppa/deppa"
turn off,v,fey
turn(corner),v,jaada
turtle,n,nduumaar
twelve bututs,n,tanka
twilight,n,marax
twinkle,v,raf
two,n,ñaar
two bututs,n,buréy
two-bob,n,tubaab
tye-dye,n,cuub
type,adv,fason
ugliness,va,ñaawaay
ugly,va,ñaaw
umbilical cord,n,xuca
unbrella,n,palansoor/palasoor
uncertain of one's way,va,gëlëm
uncle,n,nijaay
uncleanlines,n,noo
uncontrolable,va,të
uncover,v,dipi
under,prep,ron
under size,n,ndaama
under wear,n,suwetmaa
underate,va,"xeeb, xeebante"
underclothes,n,suwetmaa
underestimate,va,xeeb
underestimate each other,va,xeebante
undermine,v,ronu
understand,v,"déega, moy"
underwear,n,jiital
underwear (for men),n,genso
undo,v,firi
undo braids,va,fireeku
undress,v,futi
undressed,va,simeéku
unenergetic,va,nasax
unfold,v,leemi
unhook,v,aaji
unite,v,fici
unite,adj,meéngoo
united,n,"donkaasi, mankoo"
universe,n,aaduna
university,n,iniwersité
unload,v,eebi
unlog,v,luci
unpleasant,va,naxari
unravell,va,lucéeku
unslaughtered,n,meéda
unsmooth,n,ñagas
unstuff,v,"ñuxi, yuli"
unstuffed,n,ñuxit
unswell,v,rees
unthread,v,luci
untie,v,feeci
until,prep,be
untrained,va,yaradeku
unwanted,adj,lamba
up,prep,kow/kaw
up,va,fees
up to,prep,be
uproot,v,"buddi, suxi"
upset,va,mer
upside down,v,"juutu, juutal"
upto,postp,fo
urinate,v,seben
urinate,n,saw
urinate on oneself,v,sebenu
urine,n,saw
used in future imperative,av,si
used to,n,daan
used to,va,"miis, taama"
usefulness,n,njəriň
usual,adj,meena
utility,n,njəriň
utterance,n,baat
vaccinate,v,"ñakku, njënda"
vaccinate,n,penku
vaccine,n,njenda
vagina,n,"caapa, lëf"
value,n,"njəg, wulóor"
van,n,waan
"variant for ""be""",adv,bi
vegetables,n,lëjum
vehicle,n,"moto, oto/woto"
veil,v,waal
veranda,n,peron
verb predicator 1st Ps.,vp,dama
verse(in the holy Qur'n,n,saar
very,adv,"fer, lew, set, tek"
very,adj,law
very,inten,"kak, këŋ, kuk, lool, torop"
very hot,va,saas
very much,adv,fat
very new/fresh,adj,eesa-ees
very(solid),inten,këcc
vexed,va,mer
victory,n,ndam
village,n,dekka
village in Senegal,n,Jolof
violin,n,riiti
virgin,n,janxa
virginity,n,ndaw
vision,va,gis-gis
voice,n,baat
volunteer,v,"waakirlu, walanteeru"
vomit,v,"gala, wacu/wocu"
vote,v,wote
vow,v,"giñ/waat, waat"
vous,n,garan-palaas
voyage,v,woyaas
vulture,n,tan
wade,v,xuus
wager,v,gase
wages,n,pey
waggon,n,sareet
waif,n,doxandéem
waist,n,ndigga
wait,n,nég
wait,v,"leerandu, xaar"
wait for,v,gaapa/haar
wake someone up,v,"ee, yee/ee"
wake up,v,yeewu
wake up at,v,eewoo
wake up with,v,eewoo
walk,v,"dox, jeégi, leru, taama"
walk (about),v,yuus-yaas
walk fastly,v,farax-raxi
walk from,v,doxee
walk very slow,v,daagu
walk with,v,doxee
walking.,v,bañar-bañari
walk(quickly),v,waaxu
wall,n,maraaj
wall gecko,n,unka
wallet,n,"kalpe, nafa"
wander,v,"wór, yaay"
want,v,bugga
wanty,va,buggé
war,n,xare
warm oneself,v,jaaru
warm weather,n,tangaay
warp,v,laxas
warrior,n,jambaar
wash,v,"laab, raxas"
wash,va,laabu
wash clothes,v,"fóót, gumpa/guppa"
wash rice,v,sebet
washing pan,n,beñuwaar
wash (oneself),v,raxasu
wash (the face),v,sëlëm
wasp,n,nguri
waste basket,n,mbalit
watch,v,"garde, seetaan, xool"
watcher,n,gardekat
water,n,ndox
water,v,"roose, suux, tanxa"
water container,n,ndaa/ndaal
water lilly,n,mbaapa
water melon,n,beref
water tank,n,mbalka
watery,adj,ndoxe
waves,n,gandax
way,n,pexe
way of dress,n,colin
way to some place,v,jaada
we,isp,ñun
we,oe,leñu
we/they,cpt,ñu
We/they will,f,dineñu
we/they will not,fn,duñu
weak,va,"nasax, yolox"
wealthy,va,riis
wean,v,"fata, feral"
weapon,n,gaanaay
wear,v,sol
weave,v,raaba
weaver,n,raabakat
weaver bird,n,kacco-kacco
wed,v,"biti, takka"
wedding,n,sëy
wedding ceremony,n,céét
Wednesday,n,Aalarba/aaralba
week,n,bés bu ay
weigh,v,peese
welcome,v,teertu
welcome,int,sarga/sërica
well,n,téen
well,va,wér
well brought up,va,yaru
well poundered/grinned,va,mooka
wet,v,gaas
wet,va,tooy
wetness,n,"tooyaay, tooye"
whale,n,mbonkana
what,int,"lan, naka"
what/how are you,int,noo
what is?,int,luy
what(is),int,lu?
what(you),int,loo
wheel barrow,n,buruwet/puus-puus
when,n,su
when,inten,kañ
where,adv,"ana, foo, fu"
where,inten,fan
where are you?,adj,fooy
where is?,adj,fuy
where is it(contraction),adv,anam
whet/sharpen,v,daas
whether,conj,"fo, ndax"
which,int,jumaa
which,adj,ban
which,rp,gu
which is,rp,bu
which ones?,inten,yan?
while ago,adj,sanxa
whilse,v,bañar-bañari
whim,n,coobare
whip,n,kaacciri
whipcord,n,kaacciri
whiskers,n,mustaas
whistle,v,wolis
whistle,n,mbilib
white,n,weex
white,va,weex
white person,n,tubaab
white wash,n,balanse
white wash,v,balanse
who,rp,gu
who,int,"jumaa, kan?, ku!"
who is,int,kuy
whom,int,kan?
whom,rp,gu
whooping cough,n,"njaambataan, xuréet/njambataan"
whore,n,cagga
why,int,lutax?
wicked,va,"soxor, xiis"
wickedness,adj,mbon
wife,n,"jabar, soxna"
wild cat,n,siiru
wild vine fruit plant,n,kabaa
wind,n,ngelaw/ngelew
window,n,palanteer
windy,n,ngelaw/ngelew
wing,n,laaf
wink,v,piis
wink(roll the eye),v,xeelu
winnow,v,bees
winnowing basket,n,tenten
wipe,v,"fita, fompa, fómpu, Deeteeku"
wipe,va,laabu
wire,n,fiil
wire gauze,n,giriyaa
wise,va,muus
wish,n,sago
wish,v,nata
wish for,va,keéne/eéne
wish whole heartedly,v,éené
wishful,v,maa
witch,n,"dóma/dëma, xulaan"
witch doctor,n,jabar
with,prep,ci
withdraw,n,baay
withdrawn,va,beru
witness,v,"fekkee, teewee"
witness,n,sernde/seede
wizard,n,nooxoor
woe,n,cat
wolf,n,bukki
wolof,n,"Jolof-jolof, olof, wolof"
wolof dish,n,benacin
woman,n,"jigéen, soxna"
women's jacket,n,kamisool
woodworker,n,lawbe
word,n,kaadu
word for calling a cat,ex,muus
work,v,ligeéy
work,n,ligeey
work early in the morning,v,xéy
worker,n,ligeeykat
workshop,n,ataliye
worm,n,"marmaraan, saan"
worry,n,fitna
worse,va,yées
worship,v,"dagaan, jaamu"
worth,n,njég
wound,n,góom
wound,v,gaaň
wrapper,n,"lomosuwaay, mallam/monaam"
wrestler,n,mbor
wrestling,n,laamba
wriggle,v,luux-luuxi
write,v,"binda, fitaxu, rëdda"
writer,n,bindakat
yard,n,yaar
yawn,v,bóóbali
year,n,at
year before last,n,daaw jéeg
yes,ex,"naam, waaw"
yesterday,n,déemba
yield,n,gopp/péel
you,op,i
you,cm,nga
you,se,yaa
you,cp,nga
you,oe,nga
you,isp,yow
you,spn,i
you,opt,leen
you are,pl,yangi
you,emphatic,ite
you will (plural),f,dingeen
you will(singular),n,Dinga
you'll not,fn,doo
young man,n,woxambaane
young shoot,n,gancax
young woman,n,jeeg
younger(sibling),n,rakka
you(pl),oe,ngeen
you(pl),cm,ngeen
you(pl),cp,ngeen
your,pa,"sa, seen"
youth,n,ndaw
